season,weekend,time_of_day,dew_point,GPS_KMH_MEAN,GPS_KMH_MAX,GPS_KMH_MIN,GPS_DIR_MEAN,GPS_DIR_MAX,GPS_DIR_MIN,GPS_ALT_MEAN,GPS_ALT_MAX,GPS_ALT_MIN,BM_H_MEAN,BM_H_MAX,BM_H_MIN,BM_P_MEAN,BM_P_MAX,BM_P_MIN,BM_T_MEAN,BM_T_MAX,BM_T_MIN,DS_T_MEAN,DS_T_MAX,DS_T_MIN,PM10_MAX,PM10_MIN,NUM_MEASUREMENTS,PM10_MEAN,PM10_ARPA
winter,weekend,evening,1.645616316194409,27.27,35.54,19.0,99.62,123.07,76.17,31.05,35.1,27.0,46.905,46.92,46.89,1014.7049999999999,1014.79,1014.62,12.705,12.71,12.7,6.470000000000001,6.5,6.44,21.9,21.3,2,21.6,19.43
winter,weekend,evening,2.004076739726398,24.15,24.15,24.15,99.52,99.52,99.52,23.0,23.0,23.0,46.62,46.62,46.62,1013.94,1013.94,1013.94,13.19,13.19,13.19,7.06,7.06,7.06,22.0,22.0,1,22.0,27.9
winter,weekday,night,-6.5561047678302735,37.6,37.6,37.6,79.56,79.56,79.56,34.1,34.1,34.1,34.96,34.96,34.96,1027.33,1027.33,1027.33,8.01,8.01,8.01,3.0,3.0,3.0,8.8,8.8,1,8.8,4.88
winter,weekday,morning,-6.422513365036013,31.6,31.6,31.6,90.02,90.02,90.02,37.1,37.1,37.1,29.91,29.91,29.91,1027.37,1027.37,1027.37,10.48,10.48,10.48,3.75,3.75,3.75,9.9,9.9,1,9.9,6.05
winter,weekday,morning,-5.941747237814767,32.475,39.28,25.67,105.10499999999999,134.29,75.92,57.7,61.0,54.4,29.325,29.36,29.29,1027.395,1027.59,1027.2,11.33,11.33,11.33,6.0,6.0,6.0,15.8,15.1,2,15.45,10.19
winter,weekday,morning,-4.229112014218757,37.41,37.41,37.41,79.46,79.46,79.46,38.6,38.6,38.6,27.01,27.01,27.01,1027.38,1027.38,1027.38,14.57,14.57,14.57,9.13,9.13,9.13,12.9,12.9,1,12.9,24.23
winter,weekday,morning,-1.8148020047192832,27.5,27.5,27.5,78.82,78.82,78.82,48.9,48.9,48.9,29.15,29.15,29.15,1026.51,1026.51,1026.51,16.18,16.18,16.18,10.38,10.38,10.38,10.4,10.4,1,10.4,21.17
winter,weekday,afternoon,-1.8933100073183462,27.34,27.34,27.34,95.37,95.37,95.37,50.6,50.6,50.6,29.58,29.58,29.58,1025.3,1025.3,1025.3,15.86,15.86,15.86,10.25,10.25,10.25,16.0,16.0,1,16.0,15.01
winter,weekday,afternoon,-0.4917476428910384,26.52,26.52,26.52,96.94,96.94,96.94,45.1,45.1,45.1,33.03,33.03,33.03,1024.2,1024.2,1024.2,15.74,15.74,15.74,10.31,10.31,10.31,30.5,30.5,1,30.5,13.79
winter,weekday,afternoon,-0.5587805222232833,29.4,35.11,23.69,104.31,129.9,78.72,39.85,40.2,39.5,34.925,34.94,34.91,1024.205,1024.27,1024.14,14.795,14.8,14.79,8.41,8.44,8.38,29.0,23.9,2,26.45,17.65
winter,weekday,afternoon,-0.15044953533316574,21.689999999999998,26.08,17.3,102.025,126.45,77.6,42.8,43.3,42.3,37.74,37.74,37.74,1023.605,1023.69,1023.52,14.055,14.06,14.05,7.655,7.69,7.62,27.0,24.9,2,25.95,21.51
winter,weekday,evening,-0.33491048589577677,20.12,27.11,13.13,79.97,85.88,74.06,43.25,45.0,41.5,39.495,39.51,39.48,1023.24,1023.33,1023.15,13.15,13.15,13.15,7.34,7.37,7.31,17.7,17.5,2,17.6,31.26
winter,weekday,evening,0.617161064713838,22.0,22.0,22.0,79.25,79.25,79.25,32.0,32.0,32.0,40.72,40.72,40.72,1023.17,1023.17,1023.17,13.74,13.74,13.74,8.0,8.0,8.0,18.5,18.5,1,18.5,33.87
winter,weekday,evening,0.5900072721709115,23.335,26.87,19.8,77.625,82.01,73.24,28.4,30.2,26.6,39.715,39.72,39.71,1022.875,1022.97,1022.78,14.094999999999999,14.1,14.09,8.41,8.44,8.38,16.8,15.7,2,16.25,31.38
winter,weekday,evening,0.7409921632230595,19.11,19.11,19.11,132.16,132.16,132.16,51.7,51.7,51.7,38.86,38.86,38.86,1022.07,1022.07,1022.07,14.6,14.6,14.6,8.19,8.19,8.19,17.2,17.2,1,17.2,25.2
winter,weekday,morning,6.776519817208852,0.0,0.0,0.0,0.0,0.0,0.0,0.0,0.0,0.0,38.295,39.81,36.78,1004.675,1004.68,1004.67,21.590000000000003,21.67,21.51,19.715,19.81,19.62,4.0,1.9,2,2.95,33.28
winter,weekday,afternoon,6.029490557787361,12.5,22.52,2.48,90.75,100.56,80.94,31.35,31.8,30.9,39.83,39.84,39.82,1022.88,1022.95,1022.81,20.115000000000002,20.12,20.11,11.12,11.12,11.12,21.8,16.6,2,19.200000000000003,7.14
winter,weekday,evening,5.663205561656319,27.06,27.06,27.06,74.03,74.03,74.03,25.1,25.1,25.1,44.56,44.56,44.56,1022.99,1022.99,1022.99,17.91,17.91,17.91,9.88,9.88,9.88,16.2,16.2,1,16.2,18.64
winter,weekday,night,7.301359907750074,26.78,26.78,26.78,105.81,105.81,105.81,21.5,21.5,21.5,57.2,57.2,57.2,1022.22,1022.22,1022.22,15.75,15.75,15.75,10.0,10.0,10.0,17.2,17.2,1,17.2,6.8
winter,weekday,morning,7.746730054083809,29.59,29.59,29.59,89.69,89.69,89.69,37.5,37.5,37.5,50.36,50.36,50.36,1022.04,1022.04,1022.04,18.24,18.24,18.24,10.88,10.88,10.88,9.0,9.0,1,9.0,15.42
winter,weekday,morning,8.545972566406599,35.754999999999995,41.73,29.78,102.875,130.18,75.57,39.45,40.3,38.6,50.81,50.82,50.8,1022.865,1022.94,1022.79,18.965,18.97,18.96,11.12,11.12,11.12,12.1,11.8,2,11.95,19.71
winter,weekday,morning,9.488579518462506,40.69,40.69,40.69,78.13,78.13,78.13,34.0,34.0,34.0,59.32,59.32,59.32,1022.75,1022.75,1022.75,17.51,17.51,17.51,10.88,10.88,10.88,23.5,23.5,1,23.5,28.89
winter,weekday,morning,9.775179371372271,32.93,32.93,32.93,79.52,79.52,79.52,32.7,32.7,32.7,58.34,58.34,58.34,1022.06,1022.06,1022.06,18.08,18.08,18.08,12.5,12.5,12.5,14.2,14.2,1,14.2,33.45
winter,weekday,afternoon,9.536885200861356,39.95,39.95,39.95,78.34,78.34,78.34,37.0,37.0,37.0,52.54,52.54,52.54,1021.22,1021.22,1021.22,19.5,19.5,19.5,14.56,14.56,14.56,11.0,11.0,1,11.0,28.07
winter,weekday,afternoon,9.205892333427311,22.415,25.59,19.24,86.2,98.54,73.86,38.55,40.1,37.0,46.835,46.84,46.83,1021.815,1021.91,1021.72,21.0,21.0,21.0,14.219999999999999,14.25,14.19,16.7,11.8,2,14.25,26.09
winter,weekday,afternoon,9.162224140725124,26.69,26.69,26.69,92.1,92.1,92.1,39.1,39.1,39.1,46.87,46.87,46.87,1021.9,1021.9,1021.9,20.94,20.94,20.94,13.31,13.31,13.31,17.9,17.9,1,17.9,13.48
winter,weekday,afternoon,6.915808387024122,26.105,27.43,24.78,101.19,128.31,74.07,32.6,35.7,29.5,38.71,38.72,38.7,1021.6600000000001,1021.74,1021.58,21.57,21.57,21.57,14.095,14.13,14.06,17.1,15.7,2,16.4,19.66
winter,weekday,evening,7.89712268782864,34.82,39.45,30.19,103.1,131.32,74.88,39.65,41.4,37.9,46.97,47.01,46.93,1022.3199999999999,1022.37,1022.27,19.520000000000003,19.53,19.51,11.44,11.44,11.44,18.2,15.5,2,16.85,16.57
winter,weekday,evening,7.068082338761301,28.19,28.19,28.19,130.21,130.21,130.21,45.3,45.3,45.3,46.86,46.86,46.86,1022.62,1022.62,1022.62,18.65,18.65,18.65,10.5,10.5,10.5,13.9,13.9,1,13.9,22.42
winter,weekday,evening,6.562521405589552,34.48,34.48,34.48,73.82,73.82,73.82,30.8,30.8,30.8,45.89,45.89,45.89,1022.13,1022.13,1022.13,18.43,18.43,18.43,10.0,10.0,10.0,8.5,8.5,1,8.5,24.63
winter,weekend,morning,7.809717400141901,32.47,32.47,32.47,74.68,74.68,74.68,66.1,66.1,66.1,46.46,46.46,46.46,1006.66,1006.66,1006.66,19.6,19.6,19.6,14.19,14.19,14.19,9.8,9.8,1,9.8,9.82
winter,weekend,morning,7.524401895174601,25.58,25.58,25.58,81.16,81.16,81.16,50.8,50.8,50.8,43.15,43.15,43.15,1006.0,1006.0,1006.0,20.48,20.48,20.48,14.81,14.81,14.81,14.7,14.7,1,14.7,10.18
spring,weekday,night,6.284441316375512,38.11,38.11,38.11,78.03,78.03,78.03,42.3,42.3,42.3,53.31,53.31,53.31,1020.16,1020.16,1020.16,15.76,15.76,15.76,11.31,11.31,11.31,17.5,17.5,1,17.5,24.14
spring,weekday,night,7.987491247432236,40.6,40.6,40.6,76.85,76.85,76.85,33.8,33.8,33.8,53.06,53.06,53.06,1020.5,1020.5,1020.5,17.67,17.67,17.67,11.12,11.12,11.12,20.7,20.7,1,20.7,17.41
spring,weekday,morning,9.029441020350403,37.41,37.41,37.41,78.34,78.34,78.34,21.4,21.4,21.4,47.64,47.64,47.64,1020.45,1020.45,1020.45,20.53,20.53,20.53,14.19,14.19,14.19,15.8,15.8,1,15.8,27.9
spring,weekday,morning,9.734325146168269,28.63,28.63,28.63,131.36,131.36,131.36,33.6,33.6,33.6,43.85,43.85,43.85,1020.52,1020.52,1020.52,22.66,22.66,22.66,15.94,15.94,15.94,14.6,14.6,1,14.6,38.38
spring,weekday,morning,9.732075858230058,36.34,36.34,36.34,76.36,76.36,76.36,27.0,27.0,27.0,43.87,43.87,43.87,1020.65,1020.65,1020.65,22.65,22.65,22.65,16.0,16.0,16.0,14.4,14.4,1,14.4,30.87
spring,weekday,morning,10.33787838846491,24.215,33.37,15.06,76.51,79.79,73.23,29.15,30.8,27.5,42.045,42.05,42.04,1019.87,1019.96,1019.78,24.025,24.03,24.02,18.37,18.37,18.37,8.0,7.9,2,7.95,33.86
spring,weekday,afternoon,6.849476760381235,20.875,33.82,7.93,101.29499999999999,129.79,72.8,35.45,38.8,32.1,34.93,34.93,34.93,1017.345,1017.43,1017.26,23.185000000000002,23.19,23.18,16.87,16.87,16.87,6.6,5.6,2,6.1,13.71
spring,weekday,afternoon,8.77441847001603,31.45,31.45,31.45,80.95,80.95,80.95,33.1,33.1,33.1,40.71,40.71,40.71,1017.46,1017.46,1017.46,22.82,22.82,22.82,15.5,15.5,15.5,9.3,9.3,1,9.3,6.78
spring,weekday,afternoon,7.647248100881398,9.9,23.87,0.0,99.28666666666668,141.42,71.38,33.13333333333333,34.5,31.9,37.53,37.53,37.53,1016.9699999999999,1017.12,1016.81,22.899999999999995,22.9,22.9,16.12,16.12,16.12,11.7,9.5,3,10.433333333333332,5.7
spring,weekday,evening,10.427664897135069,30.39,30.39,30.39,112.05,112.05,112.05,42.9,42.9,42.9,49.75,49.75,49.75,1018.53,1018.53,1018.53,21.35,21.35,21.35,14.0,14.0,14.0,12.5,12.5,1,12.5,7.38
spring,weekday,evening,9.072016738367555,28.43,28.43,28.43,129.86,129.86,129.86,34.2,34.2,34.2,48.43,48.43,48.43,1018.34,1018.34,1018.34,20.31,20.31,20.31,13.69,13.69,13.69,36.1,36.1,1,36.1,9.82
spring,weekday,evening,9.383798044829469,27.91,27.91,27.91,100.12,100.12,100.12,44.2,44.2,44.2,48.64,48.64,48.64,1018.37,1018.37,1018.37,20.58,20.58,20.58,13.5,13.5,13.5,9.8,9.8,1,9.8,16.38
spring,weekday,night,3.852879752362326,26.93,26.93,26.93,107.77,107.77,107.77,43.5,43.5,43.5,56.7,56.7,56.7,995.99,995.99,995.99,12.2,12.2,12.2,11.75,11.75,11.75,6.7,6.7,1,6.7,5.3
spring,weekday,night,5.565509535024383,27.19,27.19,27.19,114.38,114.38,114.38,37.3,37.3,37.3,54.02,54.02,54.02,996.36,996.36,996.36,14.78,14.78,14.78,11.75,11.75,11.75,5.0,5.0,1,5.0,5.62
spring,weekday,morning,6.507185189798766,35.985,42.41,29.56,104.55000000000001,133.93,75.17,36.55,39.1,34.0,49.49,49.49,49.49,998.1700000000001,998.32,998.02,17.17,17.17,17.17,13.41,13.44,13.38,8.2,7.6,2,7.8999999999999995,5.59
spring,weekday,morning,7.554667391192771,38.34,38.34,38.34,76.5,76.5,76.5,39.1,39.1,39.1,50.27,50.27,50.27,999.47,999.47,999.47,18.06,18.06,18.06,13.31,13.31,13.31,7.4,7.4,1,7.4,6.88
spring,weekday,morning,7.884003940489373,31.85,31.85,31.85,81.41,81.41,81.41,28.4,28.4,28.4,58.8,58.8,58.8,999.4,999.4,999.4,15.94,15.94,15.94,12.44,12.44,12.44,7.2,7.2,1,7.2,10.16
spring,weekday,morning,8.15272357701339,32.6,32.6,32.6,79.6,79.6,79.6,259.1,259.1,259.1,61.91,61.91,61.91,998.67,998.67,998.67,15.42,15.42,15.42,12.13,12.13,12.13,5.5,5.5,1,5.5,17.25
spring,weekday,afternoon,8.296327861321986,35.85,35.85,35.85,79.9,79.9,79.9,28.8,28.8,28.8,63.65,63.65,63.65,997.36,997.36,997.36,15.14,15.14,15.14,12.37,12.37,12.37,7.2,7.2,1,7.2,12.06
spring,weekday,afternoon,9.615434376482611,33.69,33.69,33.69,67.18,67.18,67.18,47.0,47.0,47.0,65.01,65.01,65.01,997.05,997.05,997.05,16.2,16.2,16.2,13.38,13.38,13.38,12.3,12.3,1,12.3,11.74
spring,weekday,afternoon,10.803194598452418,29.59,29.59,29.59,84.13,84.13,84.13,36.2,36.2,36.2,61.28,61.28,61.28,998.75,998.75,998.75,18.39,18.39,18.39,16.0,16.0,16.0,14.1,14.1,1,14.1,12.75
spring,weekday,evening,10.181215188471565,31.95,31.95,31.95,82.13,82.13,82.13,28.0,28.0,28.0,56.31,56.31,56.31,1003.39,1003.39,1003.39,19.08,19.08,19.08,15.69,15.69,15.69,8.7,8.7,1,8.7,17.68
spring,weekday,evening,9.460940636663127,22.75,26.35,19.15,97.78,119.72,75.84,30.55,32.1,29.0,56.41,56.45,56.37,1004.8299999999999,1005.06,1004.6,18.28,18.28,18.28,14.75,14.75,14.75,13.6,12.6,2,13.1,17.53
spring,weekday,morning,10.813590926350425,31.265,39.82,22.71,102.345,132.11,72.58,50.2,51.0,49.4,60.825,60.85,60.8,1009.63,1009.72,1009.54,18.52,18.52,18.52,14.719999999999999,14.75,14.69,6.9,6.1,2,6.5,0.88
spring,weekday,morning,10.429993952363855,31.24,31.24,31.24,90.26,90.26,90.26,54.4,54.4,54.4,39.13,39.13,39.13,1010.59,1010.59,1010.59,25.33,25.33,25.33,20.88,20.88,20.88,8.6,8.6,1,8.6,9.29
spring,weekday,afternoon,9.735212020359006,29.04,29.04,29.04,113.88,113.88,113.88,52.1,52.1,52.1,36.24,36.24,36.24,1010.69,1010.69,1010.69,25.84,25.84,25.84,20.37,20.37,20.37,6.4,6.4,1,6.4,13.65
spring,weekday,afternoon,9.15868960513876,22.475,27.0,17.95,98.08500000000001,123.83,72.34,43.45,49.6,37.3,41.855000000000004,41.86,41.85,1011.4200000000001,1011.48,1011.36,22.79,22.8,22.78,16.56,16.56,16.56,12.3,9.1,2,10.7,5.99
spring,weekday,night,6.042379765779083,32.74,32.74,32.74,80.91,80.91,80.91,44.4,44.4,44.4,51.04,51.04,51.04,1011.16,1011.16,1011.16,16.18,16.18,16.18,13.56,13.56,13.56,7.6,7.6,1,7.6,11.32
spring,weekday,morning,6.4945604041014064,26.4,28.52,24.28,103.245,129.35,77.14,35.35,38.9,31.8,45.805,45.83,45.78,1011.31,1011.57,1011.05,18.384999999999998,18.39,18.38,14.87,14.87,14.87,8.1,6.8,2,7.449999999999999,14.72
spring,weekday,morning,7.081042753353629,23.93,23.93,23.93,94.04,94.04,94.04,38.4,38.4,38.4,43.85,43.85,43.85,1011.88,1011.88,1011.88,19.73,19.73,19.73,16.37,16.37,16.37,7.7,7.7,1,7.7,10.31
spring,weekday,morning,7.683429690481316,17.78,17.78,17.78,97.53,97.53,97.53,35.8,35.8,35.8,42.69,42.69,42.69,1012.96,1012.96,1012.96,20.83,20.83,20.83,17.25,17.25,17.25,8.4,8.4,1,8.4,10.6
spring,weekday,afternoon,7.229674356306508,29.69,29.69,29.69,80.81,80.81,80.81,37.1,37.1,37.1,42.03,42.03,42.03,1012.65,1012.65,1012.65,20.58,20.58,20.58,17.44,17.44,17.44,9.3,9.3,1,9.3,14.86
spring,weekday,afternoon,6.724549250635553,31.08,31.08,31.08,84.65,84.65,84.65,30.4,30.4,30.4,40.55,40.55,40.55,1011.95,1011.95,1011.95,20.6,20.6,20.6,17.25,17.25,17.25,9.8,9.8,1,9.8,8.36
spring,weekday,evening,6.7967276163905765,24.06,24.06,24.06,111.16,111.16,111.16,43.1,43.1,43.1,39.59,39.59,39.59,1012.22,1012.22,1012.22,21.07,21.07,21.07,16.62,16.62,16.62,7.8,7.8,1,7.8,9.45
spring,weekday,evening,6.035737197910119,28.72,28.72,28.72,87.58,87.58,87.58,41.9,41.9,41.9,41.68,41.68,41.68,1013.39,1013.39,1013.39,19.39,19.39,19.39,15.31,15.31,15.31,6.8,6.8,1,6.8,9.15
spring,weekday,evening,5.4969293396501016,27.845,32.35,23.34,104.27,130.29,78.25,39.35,41.7,37.0,42.394999999999996,42.4,42.39,1012.925,1013.53,1012.32,18.520000000000003,18.69,18.35,14.87,14.87,14.87,6.9,6.8,2,6.85,7.92
spring,weekend,morning,12.778209218649545,43.6,43.6,43.6,79.1,79.1,79.1,54.7,54.7,54.7,58.25,58.25,58.25,1018.33,1018.33,1018.33,21.31,21.31,21.31,16.75,16.75,16.75,22.6,22.6,1,22.6,21.36
spring,weekend,morning,14.124569358454487,37.32,37.32,37.32,80.37,80.37,80.37,48.4,48.4,48.4,53.43,53.43,53.43,1018.32,1018.32,1018.32,24.18,24.18,24.18,20.25,20.25,20.25,26.2,26.2,1,26.2,28.12
spring,weekend,morning,15.006395025572004,33.87,33.87,33.87,79.67,79.67,79.67,59.4,59.4,59.4,47.2,47.2,47.2,1017.48,1017.48,1017.48,27.23,27.23,27.23,23.12,23.12,23.12,16.6,16.6,1,16.6,34.27
spring,weekend,morning,15.008783409120152,26.439999999999998,31.93,20.95,98.115,121.88,74.35,45.95,49.8,42.1,44.71,44.71,44.71,1016.915,1017.03,1016.8,28.16,28.16,28.16,23.155,23.19,23.12,22.3,20.2,2,21.25,37.06
spring,weekend,afternoon,16.37996452910385,27.89,27.89,27.89,88.51,88.51,88.51,61.6,61.6,61.6,51.87,51.87,51.87,1016.67,1016.67,1016.67,27.12,27.12,27.12,21.94,21.94,21.94,25.3,25.3,1,25.3,32.71
spring,weekend,afternoon,15.83504436258071,31.21,31.21,31.21,78.48,78.48,78.48,51.0,51.0,51.0,53.93,53.93,53.93,1016.09,1016.09,1016.09,25.87,25.87,25.87,20.88,20.88,20.88,23.7,23.7,1,23.7,25.9
spring,weekend,afternoon,15.41592877612995,32.74,32.74,32.74,79.16,79.16,79.16,40.2,40.2,40.2,54.18,54.18,54.18,1015.58,1015.58,1015.58,25.34,25.34,25.34,20.25,20.25,20.25,19.0,19.0,1,19.0,30.71
spring,weekend,afternoon,14.821306653785904,24.24,24.24,24.24,112.09,112.09,112.09,55.0,55.0,55.0,52.71,52.71,52.71,1015.0,1015.0,1015.0,25.16,25.16,25.16,20.19,20.19,20.19,14.3,14.3,1,14.3,21.8
spring,weekend,evening,14.976108697854597,32.885,43.23,22.54,77.78,80.08,75.48,53.25,53.8,52.7,56.96,57.95,55.97,1015.0699999999999,1015.25,1014.89,24.03,24.22,23.84,18.75,19.0,18.5,13.5,13.0,2,13.25,22.39
spring,weekend,evening,14.702792996768823,38.04,44.76,31.32,103.445,130.84,76.05,43.3,47.3,39.3,59.894999999999996,59.9,59.89,1015.56,1015.61,1015.51,22.905,22.91,22.9,17.5,17.5,17.5,17.5,17.2,2,17.35,24.81
spring,weekend,evening,14.40871073178875,41.61,41.61,41.61,78.21,78.21,78.21,35.8,35.8,35.8,60.93,60.93,60.93,1015.4,1015.4,1015.4,22.31,22.31,22.31,16.5,16.5,16.5,19.7,19.7,1,19.7,24.33
spring,weekday,night,2.3580321712970624,38.1,38.1,38.1,79.65,79.65,79.65,32.9,32.9,32.9,39.3,39.3,39.3,1006.09,1006.09,1006.09,16.23,16.23,16.23,9.63,9.63,9.63,3.0,3.0,1,3.0,2.58
spring,weekday,morning,3.0244124783336073,39.6,39.6,39.6,77.4,77.4,77.4,33.5,33.5,33.5,35.9,35.9,35.9,1006.67,1006.67,1006.67,18.41,18.41,18.41,11.31,11.31,11.31,4.4,4.4,1,4.4,2.61
spring,weekday,morning,3.8657404152348005,27.17,27.17,27.17,87.82,87.82,87.82,35.8,35.8,35.8,34.12,34.12,34.12,1007.01,1007.01,1007.01,20.18,20.18,20.18,13.19,13.19,13.19,5.6,5.6,1,5.6,4.74
spring,weekday,morning,2.7171327777185175,27.8,27.8,27.8,89.54,89.54,89.54,24.8,24.8,24.8,28.36,28.36,28.36,1007.1,1007.1,1007.1,21.87,21.87,21.87,15.38,15.38,15.38,2.7,2.7,1,2.7,5.09
spring,weekday,morning,2.512204941698406,27.365000000000002,32.02,22.71,104.11500000000001,128.33,79.9,32.4,36.0,28.8,25.235,25.25,25.22,1007.045,1007.05,1007.04,23.555,23.56,23.55,17.69,17.69,17.69,2.9,2.7,2,2.8,5.23
spring,weekday,afternoon,2.616676394682782,27.32,27.32,27.32,89.57,89.57,89.57,33.3,33.3,33.3,24.15,24.15,24.15,1006.99,1006.99,1006.99,24.41,24.41,24.41,17.0,17.0,17.0,2.0,2.0,1,2.0,4.94
spring,weekday,afternoon,3.804777952495068,32.72,32.72,32.72,78.24,78.24,78.24,38.0,38.0,38.0,28.73,28.73,28.73,1007.73,1007.73,1007.73,22.92,22.92,22.92,15.25,15.25,15.25,3.4,3.4,1,3.4,3.94
spring,weekday,afternoon,2.8778763602590187,23.91,23.91,23.91,99.72,99.72,99.72,24.6,24.6,24.6,28.72,28.72,28.72,1008.52,1008.52,1008.52,21.85,21.85,21.85,14.75,14.75,14.75,1.9,1.9,1,1.9,5.33
spring,weekday,night,10.922810575993038,37.325,40.28,34.37,103.155,129.78,76.53,39.7,42.8,36.6,46.095,46.11,46.08,1012.03,1012.07,1011.99,23.145,23.15,23.14,19.75,19.75,19.75,6.2,6.2,2,6.2,9.8
spring,weekday,night,11.47821248304303,26.34,26.34,26.34,117.22,117.22,117.22,56.8,56.8,56.8,43.53,43.53,43.53,1012.06,1012.06,1012.06,24.71,24.71,24.71,19.87,19.87,19.87,6.9,6.9,1,6.9,7.1
spring,weekday,morning,12.26488230389003,25.28,25.28,25.28,125.86,125.86,125.86,43.4,43.4,43.4,43.3,43.3,43.3,1011.88,1011.88,1011.88,25.67,25.67,25.67,21.19,21.19,21.19,10.3,10.3,1,10.3,11.37
spring,weekday,morning,13.707812761353338,0.19,0.19,0.19,119.47,119.47,119.47,49.2,49.2,49.2,46.55,46.55,46.55,1012.35,1012.35,1012.35,26.04,26.04,26.04,22.13,22.13,22.13,16.1,16.1,1,16.1,10.12
spring,weekday,morning,13.957724618708719,32.43,32.43,32.43,87.28,87.28,87.28,41.8,41.8,41.8,46.48,46.48,46.48,1012.66,1012.66,1012.66,26.34,26.34,26.34,22.13,22.13,22.13,8.9,8.9,1,8.9,22.24
spring,weekday,morning,14.412183724381562,37.35,37.35,37.35,80.6,80.6,80.6,37.1,37.1,37.1,46.78,46.78,46.78,1012.42,1012.42,1012.42,26.73,26.73,26.73,22.13,22.13,22.13,9.6,9.6,1,9.6,19.03
spring,weekday,afternoon,15.672749886760055,24.615000000000002,26.19,23.04,103.88,131.41,76.35,44.65,46.9,42.4,50.85,50.88,50.82,1011.7950000000001,1011.85,1011.74,26.69,26.69,26.69,22.59,22.62,22.56,12.0,11.3,2,11.65,18.49
spring,weekday,afternoon,16.74968489865182,40.48,40.48,40.48,79.67,79.67,79.67,41.9,41.9,41.9,51.45,51.45,51.45,1011.18,1011.18,1011.18,27.66,27.66,27.66,22.44,22.44,22.44,13.5,13.5,1,13.5,19.98
spring,weekday,afternoon,14.534651700905018,33.74,33.74,33.74,80.62,80.62,80.62,49.9,49.9,49.9,44.44,44.44,44.44,1010.08,1010.08,1010.08,27.74,27.74,27.74,23.25,23.25,23.25,11.2,11.2,1,11.2,21.86
spring,weekday,afternoon,16.00996677284511,21.575,23.02,20.13,85.305,97.36,73.25,42.7,45.4,40.0,51.335,51.34,51.33,1009.8199999999999,1009.89,1009.75,26.895,26.9,26.89,21.44,21.44,21.44,13.5,11.6,2,12.55,19.87
spring,weekday,evening,15.74111325068428,22.545,27.76,17.33,103.64500000000001,129.06,78.23,41.95,44.3,39.6,52.695,52.7,52.69,1009.8050000000001,1009.88,1009.73,26.16,26.16,26.16,21.25,21.25,21.25,27.0,16.7,2,21.85,17.68
spring,weekday,evening,15.515916126372296,18.03,21.19,14.87,101.72,123.49,79.95,41.75,44.1,39.4,52.59,52.6,52.58,1009.9,1009.92,1009.88,25.95,25.95,25.95,21.0,21.0,21.0,13.8,12.7,2,13.25,18.52
spring,weekday,evening,14.032064737403807,25.045,29.87,20.22,91.42500000000001,107.26,75.59,46.1,49.0,43.2,49.97,49.98,49.96,1009.425,1009.51,1009.34,25.2,25.2,25.2,19.97,20.0,19.94,9.9,9.1,2,9.5,19.57
spring,weekday,evening,14.21490335042286,27.605,29.34,25.87,104.395,130.29,78.5,46.849999999999994,49.8,43.9,52.864999999999995,52.87,52.86,1009.4849999999999,1009.54,1009.43,24.455,24.46,24.45,19.25,19.25,19.25,7.7,7.4,2,7.550000000000001,15.98
summer,weekend,morning,17.441399291412004,30.345,40.63,20.06,105.325,131.43,79.22,36.65,39.5,33.8,46.855000000000004,46.88,46.83,1008.02,1008.06,1007.98,30.03,30.03,30.03,25.78,25.81,25.75,4.5,4.2,2,4.35,11.5
summer,weekend,morning,14.855786660028246,28.845,36.67,21.02,102.87,130.58,75.16,40.8,44.3,37.3,35.32,35.33,35.31,1007.96,1008.03,1007.89,32.095,32.1,32.09,28.125,28.19,28.06,2.9,2.5,2,2.7,9.31
summer,weekend,morning,13.85973562635729,37.6,37.6,37.6,79.17,79.17,79.17,39.6,39.6,39.6,31.17,31.17,31.17,1007.99,1007.99,1007.99,33.17,33.17,33.17,29.19,29.19,29.19,1.7,1.7,1,1.7,6.99
summer,weekend,morning,20.206207642059933,30.58,30.58,30.58,95.73,95.73,95.73,36.6,36.6,36.6,48.52,48.52,48.52,1008.17,1008.17,1008.17,32.45,32.45,32.45,27.25,27.25,27.25,8.2,8.2,1,8.2,9.36
summer,weekend,afternoon,16.788711514329485,27.235,31.15,23.32,92.045,109.97,74.12,40.6,43.5,37.7,38.03,38.04,38.02,1008.015,1008.1,1007.93,32.974999999999994,32.98,32.97,27.47,27.5,27.44,3.6,3.5,2,3.55,12.79
summer,weekend,afternoon,14.580660606842198,36.995,44.04,29.95,103.36500000000001,130.05,76.68,44.75,49.4,40.1,35.9,35.9,35.9,1008.3399999999999,1008.43,1008.25,31.494999999999997,31.5,31.49,24.75,24.75,24.75,4.1,2.3,2,3.1999999999999997,6.36
summer,weekday,night,19.944102497256168,31.28,31.28,31.28,262.78,262.78,262.78,40.6,40.6,40.6,60.17,60.17,60.17,1011.45,1011.45,1011.45,28.41,28.41,28.41,25.94,25.94,25.94,11.3,11.3,1,11.3,22.7
summer,weekday,night,18.52670932451224,21.85,21.85,21.85,114.65,114.65,114.65,45.4,45.4,45.4,46.07,46.07,46.07,1009.92,1009.92,1009.92,31.52,31.52,31.52,28.0,28.0,28.0,12.7,12.7,1,12.7,28.89
summer,weekday,morning,19.873122381961107,18.130000000000003,22.35,13.91,79.69,93.97,65.41,43.05,45.9,40.2,44.195,44.2,44.19,1010.735,1011.13,1010.34,33.745000000000005,33.75,33.74,30.78,30.81,30.75,13.0,12.2,2,12.6,28.23
summer,weekday,morning,20.65334187498539,19.995,23.28,16.71,99.59,119.79,79.39,54.05,56.2,51.9,40.19,40.22,40.16,1010.3050000000001,1010.53,1010.08,36.33,36.33,36.33,33.78,33.81,33.75,12.0,11.2,2,11.6,24.21
summer,weekday,morning,20.812867024726827,28.505000000000003,37.1,19.91,89.595,105.27,73.92,41.7,44.5,38.9,36.445,36.46,36.43,1010.295,1010.54,1010.05,38.305,38.31,38.3,35.75,35.75,35.75,24.9,23.0,2,23.95,30.18
summer,weekday,morning,22.539171274001205,26.13,26.13,26.13,83.71,83.71,83.71,51.1,51.1,51.1,40.6,40.6,40.6,1010.45,1010.45,1010.45,38.26,38.26,38.26,34.38,34.38,34.38,15.4,15.4,1,15.4,36.11
summer,weekday,morning,21.230462589238932,32.87,32.87,32.87,79.78,79.78,79.78,53.0,53.0,53.0,37.12,37.12,37.12,1009.85,1009.85,1009.85,38.44,38.44,38.44,35.63,35.63,35.63,13.9,13.9,1,13.9,29.27
summer,weekday,afternoon,22.25556297860087,44.24,44.24,44.24,81.09,81.09,81.09,31.0,31.0,31.0,39.37,39.37,39.37,1009.89,1009.89,1009.89,38.51,38.51,38.51,33.38,33.38,33.38,15.9,15.9,1,15.9,32.37
summer,weekday,afternoon,21.09948482455908,37.44,44.6,30.28,103.815,130.07,77.56,43.7,46.7,40.7,37.885,37.9,37.87,1009.53,1009.78,1009.28,37.915,37.92,37.91,34.44,34.44,34.44,17.0,16.7,2,16.85,32.12
summer,weekday,afternoon,20.91936460415889,36.19,36.19,36.19,90.32,90.32,90.32,47.7,47.7,47.7,38.49,38.49,38.49,1008.89,1008.89,1008.89,37.42,37.42,37.42,33.19,33.19,33.19,14.5,14.5,1,14.5,21.43
summer,weekday,afternoon,20.478923522285395,36.24,36.24,36.24,83.96,83.96,83.96,41.8,41.8,41.8,40.31,40.31,40.31,1009.19,1009.19,1009.19,36.08,36.08,36.08,32.06,32.06,32.06,15.3,15.3,1,15.3,27.69
summer,weekday,night,13.17106971891672,25.3,25.3,25.3,293.69,293.69,293.69,37.4,37.4,37.4,48.65,48.65,48.65,1010.57,1010.57,1010.57,24.71,24.71,24.71,22.06,22.06,22.06,4.3,4.3,1,4.3,4.74
summer,weekday,night,16.834226444506587,9.993333333333334,29.98,0.0,82.59333333333333,83.5,80.78,39.43333333333333,41.8,38.2,45.166666666666664,45.18,45.14,1011.7333333333332,1011.82,1011.64,30.0,30.0,30.0,25.349999999999998,25.37,25.31,4.3,3.4,3,3.733333333333333,3.39
summer,weekday,morning,17.737200850072227,25.8,30.84,20.76,92.575,110.98,74.17,30.65,32.4,28.9,41.010000000000005,41.02,41.0,1012.56,1012.63,1012.49,32.7,32.7,32.7,28.59,28.62,28.56,4.9,4.8,2,4.85,8.36
summer,weekday,afternoon,22.455775506190637,25.845,28.97,22.72,94.32499999999999,115.32,73.33,46.05,48.3,43.8,42.894999999999996,42.91,42.88,1012.14,1012.24,1012.04,37.155,37.16,37.15,32.125,32.19,32.06,7.0,4.5,2,5.75,16.95
summer,weekday,afternoon,22.969582781895674,23.45,23.45,23.45,91.28,91.28,91.28,51.9,51.9,51.9,47.04,47.04,47.04,1012.38,1012.38,1012.38,36.04,36.04,36.04,31.31,31.31,31.31,5.0,5.0,1,5.0,16.62
summer,weekday,afternoon,22.18351364931586,37.17,37.17,37.17,80.25,80.25,80.25,40.2,40.2,40.2,46.33,46.33,46.33,1012.1,1012.1,1012.1,35.45,35.45,35.45,30.62,30.62,30.62,4.0,4.0,1,4.0,11.63
summer,weekday,afternoon,21.42268012559798,36.95,36.95,36.95,80.22,80.22,80.22,37.0,37.0,37.0,45.72,45.72,45.72,1012.36,1012.36,1012.36,34.85,34.85,34.85,29.69,29.69,29.69,6.6,6.6,1,6.6,9.48
summer,weekday,evening,21.538999674955686,24.835,29.06,20.61,97.695,119.81,75.58,47.400000000000006,50.2,44.6,48.035,48.07,48.0,1012.94,1013.02,1012.86,34.09,34.09,34.09,28.72,28.75,28.69,7.2,6.3,2,6.75,8.24
summer,weekday,night,16.9875659255585,25.26,25.26,25.26,104.06,104.06,104.06,46.0,46.0,46.0,52.11,52.11,52.11,1002.47,1002.47,1002.47,27.7,27.7,27.7,24.5,24.5,24.5,11.3,11.3,1,11.3,9.37
summer,weekday,morning,17.32618548374961,22.13,22.13,22.13,122.06,122.06,122.06,36.6,36.6,36.6,54.82,54.82,54.82,1003.84,1003.84,1003.84,27.2,27.2,27.2,22.56,22.56,22.56,11.0,11.0,1,11.0,17.26
summer,weekday,morning,17.678811445462866,19.225,26.47,11.98,93.32,107.03,79.61,38.1,40.2,36.0,60.0,60.01,59.99,1004.255,1004.48,1004.03,26.045,26.05,26.04,22.44,22.44,22.44,11.3,11.1,2,11.2,18.94
summer,weekday,morning,18.340820573116822,25.2,27.56,22.84,88.88499999999999,101.1,76.67,57.95,61.2,54.7,59.894999999999996,59.93,59.86,1004.7650000000001,1005.07,1004.46,26.78,26.78,26.78,23.25,23.31,23.19,8.2,8.2,2,8.2,17.72
summer,weekday,morning,18.17856867986114,29.8,29.8,29.8,78.09,78.09,78.09,49.6,49.6,49.6,54.56,54.56,54.56,1004.53,1004.53,1004.53,28.2,28.2,28.2,25.69,25.69,25.69,8.8,8.8,1,8.8,18.45
summer,weekday,afternoon,18.59810127784406,25.509999999999998,26.0,25.02,86.6,99.85,73.35,32.05,35.2,28.9,48.435,48.48,48.39,1004.73,1005.15,1004.31,30.72,30.72,30.72,27.75,27.75,27.75,9.4,8.4,2,8.9,10.84
summer,weekday,afternoon,18.422954393279284,24.695,30.52,18.87,96.23,116.9,75.56,34.8,37.2,32.4,47.120000000000005,47.13,47.11,1004.5899999999999,1004.77,1004.41,31.01,31.01,31.01,28.12,28.12,28.12,8.0,7.7,2,7.85,12.16
summer,weekday,afternoon,18.290297150672355,27.439999999999998,34.08,20.8,103.445,128.26,78.63,45.9,48.4,43.4,46.095,46.1,46.09,1004.385,1004.6,1004.17,31.25,31.25,31.25,28.0,28.0,28.0,7.6,6.9,2,7.25,8.51
summer,weekday,afternoon,18.187855074388697,34.04,41.76,26.32,100.145,125.72,74.57,31.450000000000003,34.7,28.2,45.474999999999994,45.48,45.47,1004.865,1005.42,1004.31,31.375,31.38,31.37,27.905,27.94,27.87,7.7,7.2,2,7.45,17.85
summer,weekday,afternoon,18.432501319724143,25.72,26.59,24.85,105.82000000000001,130.58,81.06,39.5,42.6,36.4,45.695,45.7,45.69,1004.845,1005.06,1004.63,31.56,31.56,31.56,27.84,27.87,27.81,7.6,7.4,2,7.5,12.5
autumn,weekend,night,15.589285701255674,38.864999999999995,44.04,33.69,102.0,129.83,74.17,47.75,49.6,45.9,39.445,39.46,39.43,1011.8550000000001,1011.9400000000002,1011.7700000000001,30.979999999999997,30.99,30.97,27.940000000000005,27.940000000000005,27.940000000000005,14.0,12.3,2,13.15,25.34
autumn,weekend,night,15.848088964789504,27.3,27.3,27.3,106.09,106.09,106.09,43.3,43.3,43.3,37.25,37.25,37.25,1012.01,1012.01,1012.01,32.28,32.28,32.28,27.0,27.0,27.0,11.1,11.1,1,11.1,21.63
autumn,weekend,night,15.966796820664968,27.89,27.89,27.89,121.64,121.64,121.64,30.7,30.7,30.7,37.28,37.28,37.28,1011.72,1011.72,1011.72,32.4,32.4,32.4,27.75,27.75,27.75,12.6,12.6,1,12.6,27.84
autumn,weekend,morning,16.586302773443258,37.32,37.32,37.32,80.09,80.09,80.09,50.0,50.0,50.0,35.39,35.39,35.39,1011.63,1011.63,1011.63,34.03,34.03,34.03,30.06,30.06,30.06,11.8,11.8,1,11.8,25.08
autumn,weekend,morning,16.90611108759038,19.445,25.54,13.35,89.375,105.32,73.43,50.95,54.2,47.7,32.08,32.1,32.06,1011.9200000000001,1011.99,1011.85,36.17,36.18,36.16,33.28,33.31,33.25,10.1,10.1,2,10.1,29.67
autumn,weekend,morning,19.337180878347045,25.89,25.89,25.89,81.27,81.27,81.27,34.1,34.1,34.1,35.4,35.4,35.4,1011.59,1011.59,1011.59,37.16,37.16,37.16,33.19,33.19,33.19,11.7,11.7,1,11.7,26.76
autumn,weekend,afternoon,20.256879727281113,30.645000000000003,34.1,27.19,103.965,127.62,80.31,24.0,28.8,19.2,34.97,34.99,34.95,1010.8499999999999,1010.9,1010.8,38.435,38.44,38.43,33.94,33.94,33.94,10.7,10.2,2,10.45,22.38
autumn,weekend,afternoon,17.6827092430867,30.69,30.69,30.69,81.77,81.77,81.77,32.6,32.6,32.6,30.59,30.59,30.59,1010.27,1010.27,1010.27,37.94,37.94,37.94,33.63,33.63,33.63,9.6,9.6,1,9.6,22.36
autumn,weekend,afternoon,19.41906361701873,28.15,28.15,28.15,73.31,73.31,73.31,41.3,41.3,41.3,34.01,34.01,34.01,1009.7,1009.7,1009.7,37.99,37.99,37.99,33.31,33.31,33.31,9.7,9.7,1,9.7,20.65
autumn,weekend,afternoon,19.807991576351476,23.11,23.11,23.11,111.7,111.7,111.7,49.8,49.8,49.8,36.59,36.59,36.59,1009.27,1009.27,1009.27,37.09,37.09,37.09,32.25,32.25,32.25,10.2,10.2,1,10.2,21.37
autumn,weekend,afternoon,18.77751001936363,30.755000000000003,37.45,24.06,102.04,127.54,76.54,54.7,60.5,48.9,36.1,36.11,36.09,1008.94,1009.02,1008.86,36.165,36.17,36.16,30.94,30.94,30.94,9.4,9.3,2,9.350000000000001,16.46
autumn,weekend,evening,17.34223222761166,30.015,32.69,27.34,106.24000000000001,133.9,78.58,45.0,48.0,42.0,37.084999999999994,37.94,36.23,1009.4300000000001,1009.59,1009.27,34.05,34.35,33.75,28.905,29.06,28.75,11.2,10.5,2,10.85,24.35
autumn,weekend,evening,16.74670841900187,32.95666666666667,40.87,20.89,90.12333333333333,117.29,74.68,43.26666666666667,47.7,39.7,36.36333333333334,36.43,36.24,1009.4266666666666,1009.54,1009.36,33.72666666666667,33.75,33.71,28.563333333333333,28.75,28.44,12.6,10.4,3,11.166666666666666,26.68
autumn,weekend,evening,16.9487124686668,23.65,23.65,23.65,106.85,106.85,106.85,46.2,46.2,46.2,37.47,37.47,37.47,1009.45,1009.45,1009.45,33.42,33.42,33.42,28.0,28.0,28.0,10.6,10.6,1,10.6,30.73
autumn,weekday,night,14.842309896195937,26.91,26.91,26.91,112.32,112.32,112.32,51.4,51.4,51.4,57.12,57.12,57.12,1008.22,1008.22,1008.22,23.84,23.84,23.84,20.81,20.81,20.81,3.2,3.2,1,3.2,2.46
autumn,weekday,night,15.496139489980408,26.8,26.8,26.8,97.78,97.78,97.78,43.2,43.2,43.2,55.54,55.54,55.54,1007.46,1007.46,1007.46,25.01,25.01,25.01,21.56,21.56,21.56,5.1,5.1,1,5.1,4.24
autumn,weekday,night,15.387543503580762,28.32,28.32,28.32,93.18,93.18,93.18,35.5,35.5,35.5,50.85,50.85,50.85,1008.64,1008.64,1008.64,26.38,26.38,26.38,21.87,21.87,21.87,4.2,4.2,1,4.2,4.24
autumn,weekday,morning,16.099137002966927,24.89,24.89,24.89,131.5,131.5,131.5,51.1,51.1,51.1,50.98,50.98,50.98,1007.7,1007.7,1007.7,27.11,27.11,27.11,22.81,22.81,22.81,8.5,8.5,1,8.5,6.86
autumn,weekday,morning,17.7079665002559,26.009999999999998,26.11,25.91,104.11,131.4,76.82,54.099999999999994,57.3,50.9,49.825,49.83,49.82,1008.565,1008.62,1008.51,29.255000000000003,29.26,29.25,25.22,25.25,25.19,7.0,6.0,2,6.5,8.94
autumn,weekday,morning,17.73909461621294,29.67,36.21,23.13,102.245,128.35,76.14,43.25,47.0,39.5,47.224999999999994,47.23,47.22,1009.49,1009.56,1009.42,30.22,30.22,30.22,25.5,25.5,25.5,3.7,3.1,2,3.4000000000000004,10.11
autumn,weekday,morning,18.769162810224984,25.92,27.47,24.37,97.09,114.47,79.71,46.5,52.3,40.7,51.459999999999994,51.51,51.41,1009.2149999999999,1009.28,1009.15,29.85,29.85,29.85,25.31,25.31,25.31,6.1,6.1,2,6.1,11.53
autumn,weekday,morning,18.270632618069417,37.06,37.06,37.06,80.14,80.14,80.14,35.7,35.7,35.7,47.56,47.56,47.56,1010.2,1010.2,1010.2,30.68,30.68,30.68,26.06,26.06,26.06,3.7,3.7,1,3.7,8.99
autumn,weekday,morning,18.624861906644536,35.58,35.58,35.58,79.56,79.56,79.56,50.9,50.9,50.9,50.04,50.04,50.04,1010.4,1010.4,1010.4,30.18,30.18,30.18,25.94,25.94,25.94,3.7,3.7,1,3.7,7.19
autumn,weekday,afternoon,19.65453546559594,33.06,33.06,33.06,83.03,83.03,83.03,44.2,44.2,44.2,54.44,54.44,54.44,1009.52,1009.52,1009.52,29.83,29.83,29.83,25.69,25.69,25.69,11.8,11.8,1,11.8,5.75
autumn,weekday,afternoon,19.186920159477314,27.48,27.48,27.48,112.08,112.08,112.08,60.5,60.5,60.5,49.48,49.48,49.48,1010.37,1010.37,1010.37,30.99,30.99,30.99,26.25,26.25,26.25,5.0,5.0,1,5.0,5.75
autumn,weekday,afternoon,19.093934177587712,37.52,37.52,37.52,79.3,79.3,79.3,36.3,36.3,36.3,50.94,50.94,50.94,1009.58,1009.58,1009.58,30.38,30.38,30.38,26.25,26.25,26.25,6.7,6.7,1,6.7,10.78
autumn,weekday,afternoon,18.50005536672386,19.43,23.95,14.91,94.725,114.49,74.96,44.4,45.3,43.5,45.345,45.35,45.34,1009.3599999999999,1009.43,1009.29,31.77,31.77,31.77,27.94,27.94,27.94,5.8,5.6,2,5.699999999999999,8.62
autumn,weekday,afternoon,18.718835231737582,23.32,23.32,23.32,127.0,127.0,127.0,36.1,36.1,36.1,45.97,45.97,45.97,1010.05,1010.05,1010.05,31.77,31.77,31.77,27.69,27.69,27.69,3.1,3.1,1,3.1,8.62
autumn,weekday,afternoon,18.06771238632564,34.85,34.85,34.85,77.89,77.89,77.89,34.7,34.7,34.7,42.9,42.9,42.9,1010.15,1010.15,1010.15,32.27,32.27,32.27,27.13,27.13,27.13,5.0,5.0,1,5.0,6.9
autumn,weekday,afternoon,17.872112014986023,33.15,33.15,33.15,127.81,127.81,127.81,49.2,49.2,49.2,44.04,44.04,44.04,1009.75,1009.75,1009.75,31.59,31.59,31.59,26.75,26.75,26.75,5.5,5.5,1,5.5,5.52
autumn,weekday,afternoon,17.907099173412714,30.345,35.91,24.78,106.49,134.17,78.81,48.900000000000006,51.1,46.7,46.379999999999995,46.39,46.37,1010.145,1010.22,1010.07,30.72,30.72,30.72,25.88,25.88,25.88,7.2,7.0,2,7.1,4.42
autumn,weekday,afternoon,17.316330467821096,35.71,35.71,35.71,82.28,82.28,82.28,38.9,38.9,38.9,42.62,42.62,42.62,1010.65,1010.65,1010.65,31.55,31.55,31.55,26.37,26.37,26.37,2.0,2.0,1,2.0,4.42
autumn,weekday,evening,17.09228769674994,25.91,25.91,25.91,129.52,129.52,129.52,37.2,37.2,37.2,45.05,45.05,45.05,1011.15,1011.15,1011.15,30.33,30.33,30.33,24.94,24.94,24.94,5.1,5.1,1,5.1,3.53
autumn,weekend,morning,17.704495279583092,33.26,33.26,33.26,84.88,84.88,84.88,42.2,42.2,42.2,55.49,55.49,55.49,1011.39,1011.39,1011.39,27.4,27.4,27.4,24.87,24.87,24.87,5.5,5.5,1,5.5,10.45
autumn,weekend,morning,18.069443754011235,26.65,26.65,26.65,94.23,94.23,94.23,43.0,43.0,43.0,45.72,45.72,45.72,1011.52,1011.52,1011.52,31.15,31.15,31.15,26.94,26.94,26.94,4.8,4.8,1,4.8,12.73
autumn,weekend,morning,18.406131697724646,23.48,23.48,23.48,131.21,131.21,131.21,55.4,55.4,55.4,42.65,42.65,42.65,1010.83,1010.83,1010.83,32.75,32.75,32.75,28.62,28.62,28.62,6.4,6.4,1,6.4,17.55
autumn,weekend,morning,19.284669180599554,21.71,21.71,21.71,107.25,107.25,107.25,35.8,35.8,35.8,42.98,42.98,42.98,1010.4,1010.4,1010.4,33.59,33.59,33.59,29.12,29.12,29.12,6.6,6.6,1,6.6,16.39
autumn,weekend,morning,20.063906130013613,22.35,22.35,22.35,110.56,110.56,110.56,29.2,29.2,29.2,43.26,43.26,43.26,1009.54,1009.54,1009.54,34.34,34.34,34.34,30.06,30.06,30.06,6.3,6.3,1,6.3,16.48
autumn,weekend,afternoon,20.680379419033265,27.91,27.91,27.91,79.03,79.03,79.03,56.8,56.8,56.8,46.52,46.52,46.52,1009.02,1009.02,1009.02,33.72,33.72,33.72,28.62,28.62,28.62,8.7,8.7,1,8.7,15.96
autumn,weekend,afternoon,21.049927226170976,24.35,24.35,24.35,99.79,99.79,99.79,53.7,53.7,53.7,49.3,49.3,49.3,1008.4,1008.4,1008.4,33.09,33.09,33.09,28.12,28.12,28.12,7.0,7.0,1,7.0,21.17
autumn,weekend,afternoon,21.180718831134264,23.93,23.93,23.93,93.19,93.19,93.19,32.3,32.3,32.3,50.6,50.6,50.6,1007.65,1007.65,1007.65,32.77,32.77,32.77,26.87,26.87,26.87,10.0,10.0,1,10.0,14.82
autumn,weekend,afternoon,20.974535773515413,26.189999999999998,26.97,25.41,104.57,128.28,80.86,55.55,57.8,53.3,65.42,65.43,65.41,1008.5799999999999,1008.64,1008.52,28.064999999999998,28.07,28.06,22.47,22.5,22.44,24.9,23.9,2,24.4,21.34
autumn,weekend,afternoon,21.087819545659702,31.72,31.72,31.72,75.68,75.68,75.68,33.7,33.7,33.7,70.9,70.9,70.9,1006.73,1006.73,1006.73,26.81,26.81,26.81,22.25,22.25,22.25,13.2,13.2,1,13.2,20.14
autumn,weekday,night,8.81751516551215,28.5,28.5,28.5,126.43,126.43,126.43,44.3,44.3,44.3,71.85,71.85,71.85,1000.49,1000.49,1000.49,13.81,13.81,13.81,11.75,11.75,11.75,1.3,1.3,1,1.3,0.76
autumn,weekday,night,9.04539866199719,34.93,34.93,34.93,78.07,78.07,78.07,34.9,34.9,34.9,60.07,60.07,60.07,1000.76,1000.76,1000.76,16.84,16.84,16.84,12.88,12.88,12.88,3.0,3.0,1,3.0,0.61
autumn,weekday,night,7.585908703253025,28.76,28.76,28.76,261.28,261.28,261.28,26.1,26.1,26.1,56.96,56.96,56.96,1002.33,1002.33,1002.33,16.12,16.12,16.12,13.13,13.13,13.13,0.6,0.6,1,0.6,0.49
autumn,weekday,morning,8.301125377079789,37.87,37.87,37.87,78.95,78.95,78.95,32.6,32.6,32.6,48.82,48.82,48.82,1001.49,1001.49,1001.49,19.34,19.34,19.34,14.06,14.06,14.06,3.1,3.1,1,3.1,0.39
autumn,weekday,morning,8.423001718565763,44.08,44.08,44.08,75.97,75.97,75.97,45.2,45.2,45.2,47.22,47.22,47.22,1002.4,1002.4,1002.4,20.01,20.01,20.01,13.69,13.69,13.69,6.2,6.2,1,6.2,0.31
autumn,weekday,morning,7.849794696270552,38.98,38.98,38.98,81.65,81.65,81.65,29.7,29.7,29.7,42.78,42.78,42.78,1002.33,1002.33,1002.33,20.98,20.98,20.98,15.81,15.81,15.81,2.8,2.8,1,2.8,0.25
autumn,weekday,morning,6.654466306293762,29.84,29.84,29.84,101.66,101.66,101.66,30.1,30.1,30.1,35.15,35.15,35.15,1002.97,1002.97,1002.97,22.86,22.86,22.86,18.19,18.19,18.19,12.5,12.5,1,12.5,0.19
autumn,weekday,afternoon,6.503835958514365,38.48,38.48,38.48,84.84,84.84,84.84,35.4,35.4,35.4,31.31,31.31,31.31,1003.32,1003.32,1003.32,24.61,24.61,24.61,20.0,20.0,20.0,5.9,5.9,1,5.9,1.64
autumn,weekday,afternoon,8.15907028395388,28.755000000000003,30.3,27.21,83.08,92.16,74.0,38.650000000000006,40.7,36.6,32.894999999999996,32.91,32.88,1003.61,1003.69,1003.53,25.68,25.68,25.68,20.03,20.06,20.0,3.4,2.8,2,3.0999999999999996,1.31
autumn,weekday,afternoon,7.308182376093862,32.65,36.82,28.48,96.44,112.02,80.86,29.25,30.3,28.2,32.17,32.2,32.14,1004.095,1004.24,1003.95,25.08,25.08,25.08,19.22,19.25,19.19,6.1,4.0,2,5.05,2.55
autumn,weekday,afternoon,9.051574176405872,33.98,33.98,33.98,85.23,85.23,85.23,44.1,44.1,44.1,36.58,36.58,36.58,1004.48,1004.48,1004.48,24.91,24.91,24.91,18.06,18.06,18.06,9.1,9.1,1,9.1,2.04
autumn,weekday,evening,9.742296989875072,24.45,24.45,24.45,121.37,121.37,121.37,25.7,25.7,25.7,41.7,41.7,41.7,1005.56,1005.56,1005.56,23.5,23.5,23.5,17.0,17.0,17.0,4.2,4.2,1,4.2,3.78
autumn,weekday,evening,9.575884212535184,29.32,29.32,29.32,105.36,105.36,105.36,38.5,38.5,38.5,45.44,45.44,45.44,1005.58,1005.58,1005.58,21.9,21.9,21.9,15.5,15.5,15.5,5.7,5.7,1,5.7,2.42
autumn,weekday,evening,9.677482045948826,23.34,23.34,23.34,114.3,114.3,114.3,32.9,32.9,32.9,46.2,46.2,46.2,1005.48,1005.48,1005.48,21.74,21.74,21.74,15.31,15.31,15.31,5.1,5.1,1,5.1,1.94
autumn,weekday,night,8.476314190435419,27.84,27.84,27.84,107.2,107.2,107.2,32.1,32.1,32.1,50.84,50.84,50.84,1010.22,1010.22,1010.22,18.88,18.88,18.88,16.0,16.0,16.0,3.3,3.3,1,3.3,1.43
autumn,weekday,night,9.111696761981177,26.76,26.76,26.76,101.58,101.58,101.58,30.6,30.6,30.6,45.55,45.55,45.55,1011.01,1011.01,1011.01,21.35,21.35,21.35,16.44,16.44,16.44,4.7,4.7,1,4.7,1.14
autumn,weekday,morning,9.32588677884337,29.13,29.13,29.13,93.06,93.06,93.06,24.3,24.3,24.3,42.38,42.38,42.38,1012.19,1012.19,1012.19,22.77,22.77,22.77,17.37,17.37,17.37,6.1,6.1,1,6.1,0.0
autumn,weekday,morning,10.053886048266673,42.43,42.43,42.43,77.76,77.76,77.76,35.8,35.8,35.8,40.41,40.41,40.41,1012.71,1012.71,1012.71,24.37,24.37,24.37,19.69,19.69,19.69,7.3,7.3,1,7.3,1.23
autumn,weekday,morning,10.129565288674314,24.02,24.02,24.02,102.62,102.62,102.62,25.8,25.8,25.8,37.81,37.81,37.81,1012.18,1012.18,1012.18,25.57,25.57,25.57,20.56,20.56,20.56,4.5,4.5,1,4.5,3.88
autumn,weekday,morning,10.237341574840123,26.13,26.13,26.13,84.12,84.12,84.12,29.9,29.9,29.9,36.71,36.71,36.71,1012.54,1012.54,1012.54,26.19,26.19,26.19,21.44,21.44,21.44,5.8,5.8,1,5.8,4.73
autumn,weekday,afternoon,10.471593314751141,26.555,30.85,22.26,95.035,115.82,74.25,33.75,37.1,30.4,35.54,35.54,35.54,1012.825,1012.93,1012.72,27.005000000000003,27.01,27.0,22.47,22.5,22.44,4.9,4.6,2,4.75,3.93
autumn,weekday,afternoon,9.999347114364088,28.705,32.04,25.37,78.97,84.05,73.89,33.45,33.7,33.2,34.205,34.21,34.2,1013.25,1013.31,1013.19,27.12,27.12,27.12,21.685000000000002,21.75,21.62,5.2,4.8,2,5.0,5.05
autumn,weekday,afternoon,9.755660964788733,22.19,22.19,22.19,82.65,82.65,82.65,20.5,20.5,20.5,35.17,35.17,35.17,1013.02,1013.02,1013.02,26.37,26.37,26.37,20.88,20.88,20.88,4.4,4.4,1,4.4,6.36
autumn,weekday,afternoon,9.229503412871939,25.415,29.22,21.61,94.82499999999999,117.6,72.05,33.05,33.2,32.9,37.010000000000005,37.02,37.0,1013.225,1013.35,1013.1,24.915,24.92,24.91,19.25,19.25,19.25,4.0,4.0,2,4.0,5.09
autumn,weekday,evening,8.713164186382322,30.8,30.8,30.8,74.94,74.94,74.94,25.0,25.0,25.0,37.06,37.06,37.06,1014.37,1014.37,1014.37,24.31,24.31,24.31,18.94,18.94,18.94,4.8,4.8,1,4.8,4.29
autumn,weekday,evening,8.725676438482989,26.564999999999998,29.59,23.54,104.795,130.06,79.53,34.150000000000006,37.7,30.6,38.36,38.38,38.34,1014.31,1014.36,1014.26,23.75,23.75,23.75,18.69,18.69,18.69,6.2,5.9,2,6.050000000000001,5.35
autumn,weekday,evening,8.544860668994987,25.71,25.71,25.71,98.95,98.95,98.95,33.5,33.5,33.5,39.03,39.03,39.03,1013.55,1013.55,1013.55,23.26,23.26,23.26,18.06,18.06,18.06,5.7,5.7,1,5.7,4.28
autumn,weekday,evening,8.241058030018179,24.115000000000002,26.45,21.78,108.345,135.15,81.54,40.8,43.6,38.0,39.195,39.2,39.19,1013.7850000000001,1013.83,1013.74,22.85,22.85,22.85,18.0,18.0,18.0,5.8,5.3,2,5.55,5.97
autumn,weekend,night,11.718459807374137,32.21,32.21,32.21,80.71,80.71,80.71,30.1,30.1,30.1,51.05,51.05,51.05,1017.67,1017.67,1017.67,22.33,22.33,22.33,19.12,19.12,19.12,9.0,9.0,1,9.0,10.7
autumn,weekend,morning,12.165785209440322,25.19,25.19,25.19,131.98,131.98,131.98,53.7,53.7,53.7,45.17,45.17,45.17,1017.67,1017.67,1017.67,24.85,24.85,24.85,20.81,20.81,20.81,10.1,10.1,1,10.1,15.66
autumn,weekend,morning,12.398255459757138,25.72,25.72,25.72,99.65,99.65,99.65,37.1,37.1,37.1,39.4,39.4,39.4,1017.75,1017.75,1017.75,27.42,27.42,27.42,23.81,23.81,23.81,9.0,9.0,1,9.0,16.25
autumn,weekend,morning,12.349287839825587,36.24,36.24,36.24,79.46,79.46,79.46,37.1,37.1,37.1,33.99,33.99,33.99,1017.38,1017.38,1017.38,29.91,29.91,29.91,26.0,26.0,26.0,11.0,11.0,1,11.0,14.45
autumn,weekend,morning,12.34031629777823,33.0,33.0,33.0,79.93,79.93,79.93,41.0,41.0,41.0,31.16,31.16,31.16,1017.13,1017.13,1017.13,31.42,31.42,31.42,27.19,27.19,27.19,9.1,9.1,1,9.1,21.16
autumn,weekend,afternoon,12.425533964889413,14.133333333333333,25.32,0.0,77.99000000000001,80.14,73.79,35.43333333333333,36.3,34.7,29.636666666666667,29.65,29.62,1015.91,1016.03,1015.79,32.40333333333333,32.41,32.4,28.040000000000003,28.06,28.0,8.5,6.9,3,7.7,18.35
autumn,weekend,afternoon,13.502538297871393,36.19,36.19,36.19,78.72,78.72,78.72,32.1,32.1,32.1,31.84,31.84,31.84,1015.53,1015.53,1015.53,32.38,32.38,32.38,27.69,27.69,27.69,9.1,9.1,1,9.1,13.8
autumn,weekend,afternoon,12.266021664397973,32.52,32.52,32.52,83.29,83.29,83.29,42.7,42.7,42.7,30.78,30.78,30.78,1014.94,1014.94,1014.94,31.55,31.55,31.55,26.81,26.81,26.81,9.0,9.0,1,9.0,6.96
autumn,weekend,afternoon,10.78183705247891,19.09,19.09,19.09,80.64,80.64,80.64,50.8,50.8,50.8,30.4,30.4,30.4,1015.29,1015.29,1015.29,30.05,30.05,30.05,24.69,24.69,24.69,9.9,9.9,1,9.9,13.09
autumn,weekend,evening,10.726476505471796,15.934999999999999,18.59,13.28,79.505,83.68,75.33,42.7,42.7,42.7,33.925,33.94,33.91,1016.435,1016.47,1016.4,28.09,28.09,28.09,23.06,23.06,23.06,11.1,10.0,2,10.55,10.0
autumn,weekday,night,16.95303708878865,37.82,37.82,37.82,78.81,78.81,78.81,33.0,33.0,33.0,67.61,67.61,67.61,1005.25,1005.25,1005.25,23.28,23.28,23.28,18.31,18.31,18.31,8.9,8.9,1,8.9,10.63
autumn,weekday,morning,16.937222042102473,28.93,28.93,28.93,114.65,114.65,114.65,42.6,42.6,42.6,64.25,64.25,64.25,1005.33,1005.33,1005.33,24.11,24.11,24.11,19.06,19.06,19.06,7.8,7.8,1,7.8,9.96
autumn,weekday,morning,17.556414640836994,24.61,24.61,24.61,127.64,127.64,127.64,33.2,33.2,33.2,63.73,63.73,63.73,1006.24,1006.24,1006.24,24.9,24.9,24.9,20.0,20.0,20.0,7.5,7.5,1,7.5,11.75
autumn,weekday,morning,16.972466733528705,26.09,26.09,26.09,95.12,95.12,95.12,32.5,32.5,32.5,60.26,60.26,60.26,1007.54,1007.54,1007.54,25.22,25.22,25.22,20.31,20.31,20.31,9.8,9.8,1,9.8,10.89
autumn,weekday,morning,17.147970685124065,35.035,40.6,29.47,104.52000000000001,132.78,76.26,33.9,36.3,31.5,54.685,54.69,54.68,1008.005,1008.08,1007.93,27.05,27.05,27.05,21.97,22.0,21.94,8.4,7.8,2,8.1,8.71
autumn,weekday,afternoon,17.60497408868165,25.58,25.58,25.58,97.73,97.73,97.73,37.0,37.0,37.0,55.24,55.24,55.24,1007.81,1007.81,1007.81,27.37,27.37,27.37,22.31,22.31,22.31,9.0,9.0,1,9.0,7.39
autumn,weekday,afternoon,16.489478440022356,27.22,27.22,27.22,95.9,95.9,95.9,36.1,36.1,36.1,49.18,49.18,49.18,1007.53,1007.53,1007.53,28.15,28.15,28.15,23.12,23.12,23.12,8.9,8.9,1,8.9,11.46
autumn,weekday,afternoon,16.120661337839643,28.05,31.17,24.93,104.19,132.19,76.19,35.7,39.1,32.3,49.345,49.36,49.33,1007.56,1007.65,1007.47,27.69,27.69,27.69,22.19,22.19,22.19,10.0,8.6,2,9.3,9.67
autumn,weekday,afternoon,16.075301224662635,33.13,33.13,33.13,81.12,81.12,81.12,15.7,15.7,15.7,50.25,50.25,50.25,1008.06,1008.06,1008.06,27.33,27.33,27.33,21.56,21.56,21.56,11.5,11.5,1,11.5,7.74
autumn,weekday,evening,16.10705867915801,24.54,24.54,24.54,106.13,106.13,106.13,46.4,46.4,46.4,51.73,51.73,51.73,1008.26,1008.26,1008.26,26.87,26.87,26.87,21.12,21.12,21.12,9.5,9.5,1,9.5,18.66
autumn,weekday,evening,16.04963076635062,33.89,33.89,33.89,78.98,78.98,78.98,29.1,29.1,29.1,52.49,52.49,52.49,1008.77,1008.77,1008.77,26.56,26.56,26.56,20.94,20.94,20.94,9.8,9.8,1,9.8,13.06
autumn,weekday,evening,16.420901616722134,27.855,30.3,25.41,89.19,104.94,73.44,35.0,40.6,29.4,53.81,53.82,53.8,1008.9300000000001,1009.01,1008.85,26.54,26.54,26.54,21.0,21.0,21.0,10.2,9.7,2,9.95,10.75
autumn,weekday,night,16.92550596058646,31.61,31.61,31.61,79.42,79.42,79.42,43.8,43.8,43.8,63.78,63.78,63.78,1008.58,1008.58,1008.58,24.22,24.22,24.22,20.19,20.19,20.19,14.0,14.0,1,14.0,8.59
autumn,weekday,morning,16.964420502883552,31.19,31.19,31.19,79.95,79.95,79.95,52.2,52.2,52.2,59.27,59.27,59.27,1008.85,1008.85,1008.85,25.49,25.49,25.49,20.69,20.69,20.69,14.4,14.4,1,14.4,17.6
autumn,weekday,night,12.798813947226297,29.76,29.76,29.76,86.13,86.13,86.13,32.7,32.7,32.7,78.41,78.41,78.41,1001.78,1001.78,1001.78,16.57,16.57,16.57,14.69,14.69,14.69,0.7,0.7,1,0.7,1.34
autumn,weekday,night,13.476236244133725,38.1,38.1,38.1,76.0,76.0,76.0,31.2,31.2,31.2,70.9,70.9,70.9,1002.27,1002.27,1002.27,18.87,18.87,18.87,14.87,14.87,14.87,2.1,2.1,1,2.1,2.28
autumn,weekday,night,12.439477932264221,33.69,33.69,33.69,78.59,78.59,78.59,42.5,42.5,42.5,78.41,78.41,78.41,1002.27,1002.27,1002.27,16.2,16.2,16.2,14.06,14.06,14.06,0.5,0.5,1,0.5,1.82
autumn,weekday,morning,13.125581685306265,30.19,30.19,30.19,86.01,86.01,86.01,57.5,57.5,57.5,65.89,65.89,65.89,1001.76,1001.76,1001.76,19.68,19.68,19.68,15.06,15.06,15.06,1.7,1.7,1,1.7,3.6
autumn,weekday,morning,12.48465432266755,34.76,34.76,34.76,79.61,79.61,79.61,40.6,40.6,40.6,65.26,65.26,65.26,1002.2,1002.2,1002.2,19.16,19.16,19.16,14.87,14.87,14.87,1.2,1.2,1,1.2,3.6
autumn,weekday,morning,12.958263576825521,26.65,26.65,26.65,123.3,123.3,123.3,54.4,54.4,54.4,66.4,66.4,66.4,1002.15,1002.15,1002.15,19.38,19.38,19.38,14.75,14.75,14.75,3.3,3.3,1,3.3,2.88
autumn,weekday,morning,12.82960427355256,27.89,27.89,27.89,124.98,124.98,124.98,55.7,55.7,55.7,66.96,66.96,66.96,1001.53,1001.53,1001.53,19.11,19.11,19.11,14.5,14.5,14.5,2.7,2.7,1,2.7,2.31
autumn,weekday,morning,12.60065032397781,23.87,23.87,23.87,88.51,88.51,88.51,55.9,55.9,55.9,65.35,65.35,65.35,1002.31,1002.31,1002.31,19.26,19.26,19.26,14.75,14.75,14.75,0.6,0.6,1,0.6,2.31
autumn,weekday,morning,12.507268114968587,26.43,26.43,26.43,117.72,117.72,117.72,39.3,39.3,39.3,65.52,65.52,65.52,1001.64,1001.64,1001.64,19.12,19.12,19.12,14.81,14.81,14.81,0.5,0.5,1,0.5,1.84
autumn,weekday,morning,12.582891892991322,32.5,32.5,32.5,82.05,82.05,82.05,67.6,67.6,67.6,65.6,65.6,65.6,1001.08,1001.08,1001.08,19.18,19.18,19.18,14.56,14.56,14.56,1.0,1.0,1,1.0,1.18
autumn,weekday,afternoon,13.229126051875957,34.9,39.26,30.54,102.255,129.22,75.29,57.25,60.0,54.5,68.155,68.18,68.13,1000.04,1000.11,999.97,19.244999999999997,19.25,19.24,14.530000000000001,14.56,14.5,1.5,1.1,2,1.3,0.94
autumn,weekday,afternoon,12.190700987455557,28.595,33.67,23.52,105.675,132.1,79.25,54.5,57.7,51.3,66.28999999999999,66.3,66.28,1000.01,1000.06,999.96,18.6,18.6,18.6,14.280000000000001,14.31,14.25,0.6,0.5,2,0.55,0.94
autumn,weekday,afternoon,12.44540527916153,37.08,37.08,37.08,80.34,80.34,80.34,49.0,49.0,49.0,67.24,67.24,67.24,998.61,998.61,998.61,18.64,18.64,18.64,14.13,14.13,14.13,1.9,1.9,1,1.9,0.76
autumn,weekday,afternoon,11.358094605115904,15.29,30.52,0.06,78.56,79.91,77.21,40.05,42.6,37.5,64.36,64.4,64.32,998.635,998.69,998.58,18.195,18.2,18.19,13.62,13.62,13.62,0.8,0.6,2,0.7,0.87
autumn,weekday,afternoon,10.885389151033523,27.39,31.72,23.06,102.7,130.77,74.63,35.45,40.9,30.0,65.06,65.07,65.05,997.14,997.24,997.04,17.525,17.53,17.52,13.219999999999999,13.25,13.19,0.7,0.5,2,0.6,4.68
autumn,weekday,afternoon,11.910574204690343,26.8,30.78,22.82,105.465,130.98,79.95,49.95,52.3,47.6,68.215,68.22,68.21,996.385,996.47,996.3,17.85,17.85,17.85,13.845,13.88,13.81,2.2,1.9,2,2.05,3.74
autumn,weekday,afternoon,10.93168497654167,27.11,27.11,27.11,80.26,80.26,80.26,28.4,28.4,28.4,65.57,65.57,65.57,996.54,996.54,996.54,17.45,17.45,17.45,13.25,13.25,13.25,0.7,0.7,1,0.7,3.0
autumn,weekday,evening,11.580436830944132,27.06,27.06,27.06,128.79,128.79,128.79,46.6,46.6,46.6,65.17,65.17,65.17,996.04,996.04,996.04,18.23,18.23,18.23,13.94,13.94,13.94,2.2,2.2,1,2.2,2.4
autumn,weekday,evening,10.454264134533028,26.15,31.82,20.48,99.575,124.17,74.98,62.45,65.0,59.9,61.705,61.74,61.67,996.61,996.69,996.53,17.91,17.91,17.91,13.81,13.81,13.81,0.9,0.5,2,0.7,2.4
autumn,weekday,evening,10.862087429747062,32.61,32.61,32.61,79.21,79.21,79.21,54.4,54.4,54.4,62.65,62.65,62.65,996.14,996.14,996.14,18.1,18.1,18.1,13.69,13.69,13.69,2.4,2.4,1,2.4,2.71
autumn,weekday,evening,10.55502186944088,30.75,33.72,27.78,101.38,128.23,74.53,46.85,48.5,45.2,64.475,64.49,64.46,995.895,995.92,995.87,17.32,17.32,17.32,12.780000000000001,12.81,12.75,1.7,1.5,2,1.6,2.17
autumn,weekday,evening,10.10266792454036,26.28,26.28,26.28,129.87,129.87,129.87,52.4,52.4,52.4,64.57,64.57,64.57,995.3,995.3,995.3,16.82,16.82,16.82,12.63,12.63,12.63,2.2,2.2,1,2.2,1.74
autumn,weekend,morning,10.431791353630302,42.36,42.36,42.36,78.45,78.45,78.45,60.5,60.5,60.5,45.61,45.61,45.61,1008.71,1008.71,1008.71,22.78,22.78,22.78,18.0,18.0,18.0,2.4,2.4,1,2.4,1.63
autumn,weekend,afternoon,9.629273017610391,34.69,34.69,34.69,81.14,81.14,81.14,49.9,49.9,49.9,42.68,42.68,42.68,1008.33,1008.33,1008.33,22.99,22.99,22.99,18.31,18.31,18.31,3.3,3.3,1,3.3,1.05
autumn,weekend,afternoon,9.620516959465151,27.0,27.0,27.0,128.81,128.81,128.81,55.3,55.3,55.3,40.89,40.89,40.89,1007.81,1007.81,1007.81,23.69,23.69,23.69,18.62,18.62,18.62,1.9,1.9,1,1.9,1.14
autumn,weekend,afternoon,9.22005157678754,27.06,27.06,27.06,115.39,115.39,115.39,54.7,54.7,54.7,43.14,43.14,43.14,1008.18,1008.18,1008.18,22.36,22.36,22.36,16.81,16.81,16.81,4.0,4.0,1,4.0,1.0
autumn,weekend,evening,9.072739118833729,39.8,39.8,39.8,75.11,75.11,75.11,51.7,51.7,51.7,44.17,44.17,44.17,1008.76,1008.76,1008.76,21.81,21.81,21.81,16.25,16.25,16.25,4.6,4.6,1,4.6,1.0
autumn,weekend,evening,8.315865510732582,32.31,36.23,28.39,104.985,130.37,79.6,49.95,51.8,48.1,42.769999999999996,42.78,42.76,1008.885,1008.93,1008.84,21.5,21.5,21.5,16.25,16.25,16.25,3.8,3.5,2,3.65,1.0
autumn,weekend,evening,8.264726079878328,33.97,33.97,33.97,75.18,75.18,75.18,40.2,40.2,40.2,42.91,42.91,42.91,1009.22,1009.22,1009.22,21.39,21.39,21.39,16.19,16.19,16.19,5.4,5.4,1,5.4,1.0
autumn,weekend,evening,8.540391980534316,28.22,28.22,28.22,90.64,90.64,90.64,49.6,49.6,49.6,43.88,43.88,43.88,1008.74,1008.74,1008.74,21.33,21.33,21.33,15.94,15.94,15.94,4.9,4.9,1,4.9,1.0
autumn,weekday,night,16.457954704954606,27.04,27.04,27.04,83.12,83.12,83.12,41.4,41.4,41.4,72.65,72.65,72.65,1010.83,1010.83,1010.83,21.58,21.58,21.58,18.56,18.56,18.56,6.0,6.0,1,6.0,7.53
autumn,weekday,morning,16.612969968144466,36.35,36.35,36.35,78.29,78.29,78.29,19.1,19.1,19.1,62.49,62.49,62.49,1010.45,1010.45,1010.45,24.23,24.23,24.23,20.69,20.69,20.69,5.3,5.3,1,5.3,9.19
autumn,weekday,night,17.693222446756184,23.93,23.93,23.93,110.4,110.4,110.4,44.8,44.8,44.8,77.7,77.7,77.7,1002.81,1002.81,1002.81,21.76,21.76,21.76,18.62,18.62,18.62,11.4,11.4,1,11.4,8.93
autumn,weekday,morning,17.901336605081315,33.97,33.97,33.97,79.09,79.09,79.09,35.2,35.2,35.2,73.14,73.14,73.14,1003.93,1003.93,1003.93,22.97,22.97,22.97,19.31,19.31,19.31,11.4,11.4,1,11.4,7.71
autumn,weekday,morning,17.935159945308442,30.75,35.76,25.74,83.95500000000001,91.79,76.12,32.35,33.9,30.8,69.92500000000001,69.95,69.9,1004.79,1005.11,1004.47,23.75,23.75,23.75,20.25,20.25,20.25,11.2,9.5,2,10.35,11.69
autumn,weekday,night,15.986762269066382,34.8,34.8,34.8,78.42,78.42,78.42,41.9,41.9,41.9,69.9,69.9,69.9,999.3,999.3,999.3,21.72,21.72,21.72,18.81,18.81,18.81,10.2,10.2,1,10.2,17.19
autumn,weekday,night,16.248366755351874,28.61,35.24,21.98,99.785,124.72,74.85,55.349999999999994,60.3,50.4,60.565,60.58,60.55,998.75,998.84,998.66,24.365000000000002,24.37,24.36,19.56,19.56,19.56,10.2,8.8,2,9.5,12.04
autumn,weekday,morning,16.57777692454507,39.69,39.69,39.69,78.48,78.48,78.48,42.3,42.3,42.3,58.04,58.04,58.04,998.39,998.39,998.39,25.43,25.43,25.43,21.56,21.56,21.56,8.3,8.3,1,8.3,13.04
autumn,weekday,morning,18.298382813277673,26.310000000000002,29.78,22.84,102.875,128.59,77.16,40.8,44.0,37.6,68.945,68.99,68.9,997.9449999999999,998.01,997.88,24.365000000000002,24.37,24.36,19.655,19.69,19.62,10.1,9.7,2,9.899999999999999,11.2
autumn,weekday,morning,18.869715304344734,26.98,26.98,26.98,87.7,87.7,87.7,46.8,46.8,46.8,66.5,66.5,66.5,997.29,997.29,997.29,25.57,25.57,25.57,20.5,20.5,20.5,13.7,13.7,1,13.7,11.24
autumn,weekday,afternoon,18.560528377656833,24.8,24.8,24.8,123.85,123.85,123.85,49.4,49.4,49.4,67.84,67.84,67.84,997.27,997.27,997.27,24.91,24.91,24.91,19.5,19.5,19.5,10.6,10.6,1,10.6,13.5
autumn,weekday,afternoon,17.638800271012176,25.064999999999998,25.65,24.48,84.355,95.12,73.59,56.099999999999994,58.8,53.4,63.795,63.83,63.76,996.4549999999999,996.56,996.35,24.97,24.97,24.97,20.44,20.44,20.44,9.0,8.0,2,8.5,9.55
autumn,weekday,afternoon,17.280192878252016,28.78,30.87,26.69,95.905,116.68,75.13,50.3,53.1,47.5,62.2,62.2,62.2,997.5,997.58,997.42,25.015,25.02,25.01,19.94,19.94,19.94,10.2,8.4,2,9.3,10.63
autumn,weekday,afternoon,18.08023566977534,35.98,35.98,35.98,76.55,76.55,76.55,46.3,46.3,46.3,73.61,73.61,73.61,998.04,998.04,998.04,23.05,23.05,23.05,18.12,18.12,18.12,12.7,12.7,1,12.7,9.43
autumn,weekday,evening,16.51429084213809,30.93,35.52,26.34,104.07000000000001,129.11,79.03,50.15,54.5,45.8,75.55,75.58,75.52,999.9449999999999,999.99,999.9,21.0,21.01,20.99,15.63,15.63,15.63,22.0,16.9,2,19.45,9.27
autumn,weekday,night,10.935936363489622,25.66,27.95,23.37,91.21,107.07,75.35,40.9,43.3,38.5,57.31,57.34,57.28,1018.595,1018.67,1018.52,19.605,19.61,19.6,16.53,16.56,16.5,6.1,4.8,2,5.449999999999999,6.71
autumn,weekday,morning,11.141242211879934,31.43,31.43,31.43,82.14,82.14,82.14,44.6,44.6,44.6,47.18,47.18,47.18,1018.93,1018.93,1018.93,23.0,23.0,23.0,19.0,19.0,19.0,3.7,3.7,1,3.7,8.44
autumn,weekday,morning,12.161536995314673,28.69,28.69,28.69,78.23,78.23,78.23,29.1,29.1,29.1,43.65,43.65,43.65,1019.36,1019.36,1019.36,25.42,25.42,25.42,21.56,21.56,21.56,3.6,3.6,1,3.6,11.55
autumn,weekday,morning,12.746787643252224,23.535,23.59,23.48,95.55000000000001,116.31,74.79,58.45,61.0,55.9,40.5,40.53,40.47,1019.31,1019.39,1019.23,27.34,27.34,27.34,23.38,23.38,23.38,4.5,3.9,2,4.2,8.2
autumn,weekday,morning,13.154157390522121,26.11,26.11,26.11,102.59,102.59,102.59,37.2,37.2,37.2,39.74,39.74,39.74,1018.84,1018.84,1018.84,28.12,28.12,28.12,23.19,23.19,23.19,6.8,6.8,1,6.8,7.74
autumn,weekday,afternoon,13.236078736315358,26.91,26.91,26.91,132.77,132.77,132.77,37.4,37.4,37.4,41.04,41.04,41.04,1018.4,1018.4,1018.4,27.66,27.66,27.66,21.75,21.75,21.75,5.7,5.7,1,5.7,4.95
autumn,weekday,afternoon,12.732360086118769,36.8,36.8,36.8,82.1,82.1,82.1,51.8,51.8,51.8,42.61,42.61,42.61,1018.43,1018.43,1018.43,26.46,26.46,26.46,21.0,21.0,21.0,6.8,6.8,1,6.8,3.97
autumn,weekday,afternoon,11.964739491728922,27.04,28.82,25.26,104.475,131.64,77.31,47.2,49.9,44.5,44.245,44.26,44.23,1017.6949999999999,1017.76,1017.63,24.975,24.98,24.97,19.56,19.56,19.56,7.7,7.3,2,7.5,5.37
autumn,weekday,afternoon,11.811269237120966,18.68,26.02,9.8,94.32333333333334,130.22,71.82,39.73333333333333,43.8,36.6,45.276666666666664,45.3,45.26,1018.0300000000001,1018.21,1017.86,24.42,24.42,24.42,19.12,19.12,19.12,10.4,8.9,3,9.566666666666668,4.32
autumn,weekday,evening,12.019199226490807,28.52,28.52,28.52,107.7,107.7,107.7,49.6,49.6,49.6,47.47,47.47,47.47,1018.42,1018.42,1018.42,23.86,23.86,23.86,18.25,18.25,18.25,9.6,9.6,1,9.6,10.15
autumn,weekend,night,13.73238565534554,37.95,37.95,37.95,79.08,79.08,79.08,36.9,36.9,36.9,61.16,61.16,61.16,1013.2,1013.2,1013.2,21.53,21.53,21.53,18.31,18.31,18.31,8.7,8.7,1,8.7,12.44
autumn,weekend,night,13.746959715237276,21.71,21.71,21.71,122.56,122.56,122.56,53.3,53.3,53.3,55.81,55.81,55.81,1013.24,1013.24,1013.24,23.05,23.05,23.05,18.31,18.31,18.31,7.7,7.7,1,7.7,10.57
autumn,weekend,night,13.21424112323683,30.315,35.24,25.39,103.725,129.23,78.22,44.65,47.3,42.0,51.585,51.61,51.56,1013.37,1013.4,1013.34,23.78,23.78,23.78,18.56,18.56,18.56,9.5,9.2,2,9.35,14.93
autumn,weekend,morning,13.100877754917681,14.5,14.5,14.5,99.44,99.44,99.44,37.0,37.0,37.0,51.39,51.39,51.39,1013.44,1013.44,1013.44,23.72,23.72,23.72,18.87,18.87,18.87,8.3,8.3,1,8.3,7.32
autumn,weekend,morning,13.33010422131811,36.6,36.6,36.6,81.78,81.78,81.78,32.8,32.8,32.8,49.6,49.6,49.6,1013.62,1013.62,1013.62,24.56,24.56,24.56,19.87,19.87,19.87,7.0,7.0,1,7.0,24.0
autumn,weekend,morning,13.878327041912907,19.725,27.56,11.89,100.195,122.14,78.25,55.8,59.1,52.5,48.14,48.14,48.14,1013.88,1013.95,1013.81,25.66,25.66,25.66,21.25,21.25,21.25,7.3,7.2,2,7.25,16.8
autumn,weekend,afternoon,14.148193140730763,28.15,28.15,28.15,75.15,75.15,75.15,34.5,34.5,34.5,45.37,45.37,45.37,1013.2,1013.2,1013.2,26.96,26.96,26.96,21.81,21.81,21.81,5.5,5.5,1,5.5,12.36
autumn,weekend,afternoon,13.880023921627513,21.52,21.52,21.52,131.14,131.14,131.14,54.8,54.8,54.8,45.92,45.92,45.92,1013.04,1013.04,1013.04,26.46,26.46,26.46,21.31,21.31,21.31,10.0,10.0,1,10.0,8.65
autumn,weekend,afternoon,13.127760934715305,24.625,29.43,19.82,91.61500000000001,106.5,76.73,51.2,52.8,49.6,48.195,48.2,48.19,1013.4100000000001,1013.49,1013.33,24.82,24.82,24.82,20.06,20.06,20.06,17.0,16.3,2,16.65,5.77
autumn,weekend,afternoon,12.140835040565598,27.67,27.67,27.67,91.59,91.59,91.59,51.7,51.7,51.7,46.66,46.66,46.66,1014.19,1014.19,1014.19,24.28,24.28,24.28,19.12,19.12,19.12,19.7,19.7,1,19.7,14.31
autumn,weekend,evening,12.469745405838694,27.18,35.28,19.08,102.32499999999999,127.02,77.63,49.0,52.3,45.7,51.019999999999996,51.03,51.01,1014.825,1014.89,1014.76,23.155,23.16,23.15,17.34,17.37,17.31,19.2,19.0,2,19.1,18.34
autumn,weekend,evening,11.742827931120459,30.97,30.97,30.97,80.14,80.14,80.14,40.7,40.7,40.7,51.07,51.07,51.07,1015.22,1015.22,1015.22,22.35,22.35,22.35,17.94,17.94,17.94,17.0,17.0,1,17.0,28.01
autumn,weekend,evening,11.474350415994689,29.075000000000003,33.17,24.98,105.03999999999999,129.6,80.48,42.099999999999994,46.8,37.4,48.82,48.82,48.82,1015.7850000000001,1015.85,1015.72,22.8,22.8,22.8,18.47,18.5,18.44,17.3,17.1,2,17.200000000000003,24.21
autumn,weekend,evening,11.143781028881897,27.71,30.34,25.08,89.00999999999999,103.75,74.27,19.5,23.0,16.0,46.480000000000004,46.49,46.47,1016.085,1016.19,1015.98,23.25,23.25,23.25,18.56,18.56,18.56,16.0,15.1,2,15.55,20.36
autumn,weekend,night,9.54702876944769,33.13,33.13,33.13,80.2,80.2,80.2,36.4,36.4,36.4,49.45,49.45,49.45,1020.0800000000002,1020.0800000000002,1020.0800000000002,20.49,20.49,20.49,16.69,16.69,16.69,13.5,13.5,1,13.5,21.07
autumn,weekend,night,9.396800174726671,28.695,33.11,24.28,104.27000000000001,130.27,78.27,34.35,37.6,31.1,44.61,44.61,44.61,1020.03,1020.1,1019.96,22.005000000000003,22.01,22.0,16.69,16.69,16.69,10.3,9.9,2,10.100000000000001,28.44
autumn,weekend,morning,9.127521932047559,31.195,35.28,27.11,101.16499999999999,128.0,74.33,28.2,29.7,26.7,38.675,38.68,38.67,1022.145,1022.23,1022.06,24.064999999999998,24.07,24.06,19.5,19.5,19.5,8.5,7.9,2,8.2,18.72
autumn,weekend,morning,10.325432404092364,42.6,42.6,42.6,80.87,80.87,80.87,27.2,27.2,27.2,33.87,33.87,33.87,1022.53,1022.53,1022.53,27.66,27.66,27.66,22.25,22.25,22.25,8.6,8.6,1,8.6,18.57
autumn,weekend,morning,10.683741831008467,40.63,40.63,40.63,82.95,82.95,82.95,32.9,32.9,32.9,32.48,32.48,32.48,1022.25,1022.25,1022.25,28.79,28.79,28.79,23.25,23.25,23.25,8.3,8.3,1,8.3,29.6
autumn,weekend,afternoon,10.97978130493543,30.885,37.06,24.71,102.11500000000001,127.75,76.48,31.849999999999998,34.8,28.9,31.665,31.67,31.66,1021.645,1021.73,1021.56,29.57,29.57,29.57,23.03,23.06,23.0,8.0,7.4,2,7.7,17.04
autumn,weekend,afternoon,10.926472083985693,32.0,32.0,32.0,100.67,100.67,100.67,26.9,26.9,26.9,32.03,32.03,32.03,1021.94,1021.94,1021.94,29.31,29.31,29.31,22.37,22.37,22.37,6.4,6.4,1,6.4,11.93
autumn,weekend,afternoon,11.019678226357046,29.714999999999996,32.3,27.13,100.405,120.85,79.96,28.3,29.1,27.5,33.3,33.31,33.29,1022.865,1022.92,1022.81,28.744999999999997,28.75,28.74,21.12,21.12,21.12,6.6,6.4,2,6.5,8.35
autumn,weekend,afternoon,10.251902680570149,28.32,28.32,28.32,100.51,100.51,100.51,31.1,31.1,31.1,34.91,34.91,34.91,1023.83,1023.83,1023.83,27.06,27.06,27.06,19.44,19.44,19.44,7.4,7.4,1,7.4,14.94
autumn,weekend,evening,10.025587602284775,28.265,29.34,27.19,78.68,84.45,72.91,23.85,24.2,23.5,36.495000000000005,36.5,36.49,1024.51,1024.62,1024.4,26.05,26.05,26.05,18.655,18.69,18.62,9.8,8.2,2,9.0,14.54
autumn,weekend,evening,9.753256821576171,30.0,32.87,27.37,88.85333333333334,108.53,73.93,26.566666666666666,33.9,22.2,38.97,39.73,37.46,1025.0600000000002,1025.23,1024.92,24.64,25.44,24.24,17.540000000000003,18.12,17.25,9.2,6.5,3,8.299999999999999,23.29
autumn,weekend,evening,10.280371399209638,31.65,31.65,31.65,95.56,95.56,95.56,29.4,29.4,29.4,44.5,44.5,44.5,1025.9,1025.9,1025.9,23.02,23.02,23.02,16.75,16.75,16.75,8.6,8.6,1,8.6,18.19
autumn,weekday,night,13.415819975370471,26.35,26.35,26.35,125.19,125.19,125.19,49.5,49.5,49.5,64.62,64.62,64.62,1025.31,1025.31,1025.31,20.3,20.3,20.3,16.56,16.56,16.56,8.9,8.9,1,8.9,18.31
autumn,weekday,night,13.63360667712362,39.11,39.11,39.11,77.4,77.4,77.4,44.8,44.8,44.8,59.92,59.92,59.92,1025.29,1025.29,1025.29,21.76,21.76,21.76,16.62,16.62,16.62,27.0,27.0,1,27.0,19.94
autumn,weekday,morning,14.803637926206132,29.59,29.59,29.59,89.97,89.97,89.97,48.5,48.5,48.5,55.26,55.26,55.26,1025.92,1025.92,1025.92,24.35,24.35,24.35,18.94,18.94,18.94,15.1,15.1,1,15.1,25.94
autumn,weekday,morning,14.812371945103862,26.26,26.26,26.26,84.99,84.99,84.99,56.6,56.6,56.6,49.91,49.91,49.91,1026.06,1026.06,1026.06,26.07,26.07,26.07,22.31,22.31,22.31,7.0,7.0,1,7.0,17.29
autumn,weekday,afternoon,14.779999183764708,31.65,37.17,26.13,101.02000000000001,127.42,74.62,54.15,58.8,49.5,48.400000000000006,48.42,48.38,1025.48,1025.57,1025.39,26.555,26.56,26.55,21.25,21.25,21.25,10.3,9.9,2,10.100000000000001,11.04
autumn,weekday,afternoon,13.860969880018297,27.82,27.82,27.82,84.19,84.19,84.19,61.1,61.1,61.1,47.66,47.66,47.66,1025.09,1025.09,1025.09,25.81,25.81,25.81,21.0,21.0,21.0,12.8,12.8,1,12.8,16.35
autumn,weekday,afternoon,13.893949252083424,23.93,23.93,23.93,95.04,95.04,95.04,50.4,50.4,50.4,47.48,47.48,47.48,1024.98,1024.98,1024.98,25.91,25.91,25.91,20.69,20.69,20.69,14.1,14.1,1,14.1,19.87
autumn,weekday,evening,15.086123034467917,28.735,29.82,27.65,104.725,131.03,78.42,42.2,46.8,37.6,62.995000000000005,63.0,62.99,1025.795,1025.86,1025.73,22.48,22.48,22.48,17.97,18.0,17.94,14.0,13.5,2,13.75,18.12
autumn,weekday,evening,15.058577297562119,32.21,32.21,32.21,78.76,78.76,78.76,36.1,36.1,36.1,62.2,62.2,62.2,1025.68,1025.68,1025.68,22.66,22.66,22.66,18.25,18.25,18.25,10.0,10.0,1,10.0,21.43
autumn,weekday,evening,15.299640589359234,24.95,24.95,24.95,100.04,100.04,100.04,34.8,34.8,34.8,61.92,61.92,61.92,1025.78,1025.78,1025.78,22.99,22.99,22.99,18.25,18.25,18.25,7.1,7.1,1,7.1,15.0
autumn,weekday,evening,15.002987669167029,25.595,27.98,23.21,89.25999999999999,105.24,73.28,32.45,36.2,28.7,62.545,62.56,62.53,1025.7849999999999,1025.87,1025.7,22.51,22.51,22.51,17.59,17.62,17.56,10.3,9.6,2,9.95,12.57
autumn,weekday,night,9.300293659539248,36.08,36.08,36.08,259.73,259.73,259.73,47.7,47.7,47.7,46.73,46.73,46.73,1023.21,1023.21,1023.21,21.140000000000004,21.140000000000004,21.140000000000004,16.12,16.12,16.12,5.1,5.1,1,5.1,7.55
autumn,weekday,night,2.781287812171358,41.08,41.08,41.08,76.05,76.05,76.05,42.3,42.3,42.3,45.99,45.99,45.99,1022.94,1022.94,1022.94,14.25,14.25,14.25,11.31,11.31,11.31,4.2,4.2,1,4.2,5.94
autumn,weekday,morning,4.038729122176254,31.21,31.21,31.21,83.53,83.53,83.53,46.9,46.9,46.9,36.84,36.84,36.84,1023.22,1023.22,1023.22,19.14,19.14,19.14,13.88,13.88,13.88,3.4,3.4,1,3.4,7.11
autumn,weekday,morning,6.2570520044689,35.54,41.34,29.74,104.06,130.44,77.68,54.95,56.8,53.1,37.739999999999995,37.75,37.73,1023.23,1023.31,1023.15,21.244999999999997,21.25,21.24,15.56,15.56,15.56,8.2,6.6,2,7.3999999999999995,5.69
autumn,weekday,morning,7.524491192736077,23.28,23.28,23.28,110.32,110.32,110.32,60.0,60.0,60.0,36.24,36.24,36.24,1023.52,1023.52,1023.52,23.34,23.34,23.34,18.06,18.06,18.06,5.6,5.6,1,5.6,12.7
autumn,weekday,morning,8.406103775672658,35.98,35.98,35.98,82.44,82.44,82.44,54.8,54.8,54.8,36.56,36.56,36.56,1023.12,1023.12,1023.12,24.19,24.19,24.19,19.56,19.56,19.56,4.4,4.4,1,4.4,12.49
autumn,weekday,afternoon,8.362138016641282,40.845,47.02,34.67,102.455,131.22,73.69,58.8,63.0,54.6,36.495000000000005,36.5,36.49,1022.315,1022.39,1022.24,24.17,24.17,24.17,19.06,19.06,19.06,4.9,4.0,2,4.45,14.19
autumn,weekday,afternoon,8.986897966931979,29.13,29.13,29.13,94.93,94.93,94.93,53.3,53.3,53.3,37.91,37.91,37.91,1022.01,1022.01,1022.01,24.24,24.24,24.24,18.31,18.31,18.31,11.9,11.9,1,11.9,10.53
autumn,weekday,afternoon,10.10228312965491,30.240000000000002,34.39,26.09,100.655,129.63,71.68,57.7,62.6,52.8,43.735,43.77,43.7,1022.2750000000001,1022.35,1022.2,23.11,23.11,23.11,17.12,17.12,17.12,10.8,8.0,2,9.4,13.4
autumn,weekday,afternoon,9.265882424131034,29.11,29.11,29.11,74.61,74.61,74.61,38.7,38.7,38.7,44.94,44.94,44.94,1022.59,1022.59,1022.59,21.74,21.74,21.74,15.13,15.13,15.13,17.0,17.0,1,17.0,14.39
autumn,weekday,evening,3.215257203876011,32.47,32.47,32.47,78.46,78.46,78.46,45.1,45.1,45.1,29.63,29.63,29.63,1022.11,1022.11,1022.11,21.73,21.73,21.73,16.37,16.37,16.37,4.7,4.7,1,4.7,13.79
autumn,weekday,evening,1.4335671378773813,27.47,27.47,27.47,82.83,82.83,82.83,37.4,37.4,37.4,26.15,26.15,26.15,1022.96,1022.96,1022.96,21.7,21.7,21.7,16.06,16.06,16.06,3.6,3.6,1,3.6,15.47
autumn,weekday,evening,0.8661795128355438,25.475,27.76,23.19,95.43,114.66,76.2,38.5,42.2,34.8,25.555,25.56,25.55,1022.655,1022.74,1022.57,21.41,21.41,21.41,15.81,15.81,15.81,3.8,3.4,2,3.5999999999999996,10.83
autumn,weekday,evening,2.0317030582033393,24.685,25.74,23.63,89.675,104.25,75.1,42.849999999999994,46.8,38.9,28.735,28.74,28.73,1022.5999999999999,1022.67,1022.53,20.86,20.86,20.86,15.25,15.25,15.25,4.6,4.1,2,4.35,12.21
autumn,weekday,morning,3.1354234348314076,23.55,25.71,21.39,105.475,130.49,80.46,39.55,41.9,37.2,43.385,43.41,43.36,1024.0149999999999,1024.08,1023.95,15.545,15.55,15.54,12.63,12.63,12.63,9.3,9.0,2,9.15,16.99
autumn,weekday,morning,4.402191720737875,27.985,36.52,19.45,279.29499999999996,301.38,257.21,38.45,41.8,35.1,53.215,53.25,53.18,1025.93,1026.17,1025.69,13.76,13.77,13.75,10.719999999999999,10.75,10.69,8.8,8.2,2,8.5,16.99
autumn,weekday,morning,4.167895075498194,25.79,28.84,22.74,105.23,130.37,80.09,39.150000000000006,41.6,36.7,37.21,37.21,37.21,1024.8600000000001,1024.93,1024.79,19.125,19.13,19.12,15.219999999999999,15.25,15.19,10.4,8.5,2,9.45,19.56
autumn,weekday,morning,5.271606326686183,22.995,26.21,19.78,82.86,95.84,69.88,41.349999999999994,45.4,37.3,33.335,33.38,33.29,1025.49,1025.59,1025.39,22.16,22.16,22.16,18.28,18.31,18.25,7.9,7.4,2,7.65,16.1
autumn,weekday,morning,10.535018129744632,29.26,29.26,29.26,89.27,89.27,89.27,32.0,32.0,32.0,41.43,41.43,41.43,1025.35,1025.35,1025.35,24.49,24.49,24.49,20.0,20.0,20.0,17.6,17.6,1,17.6,18.31
autumn,weekday,afternoon,11.567148866218128,29.71,29.71,29.71,80.22,80.22,80.22,55.0,55.0,55.0,43.63,43.63,43.63,1024.7,1024.7,1024.7,24.77,24.77,24.77,19.75,19.75,19.75,11.0,11.0,1,11.0,19.3
autumn,weekday,afternoon,13.461324463376796,28.22,28.22,28.22,78.99,78.99,78.99,53.9,53.9,53.9,47.61,47.61,47.61,1024.81,1024.81,1024.81,25.39,25.39,25.39,20.19,20.19,20.19,21.5,21.5,1,21.5,21.67
autumn,weekday,afternoon,12.926578722761766,28.08,28.08,28.08,78.15,78.15,78.15,55.6,55.6,55.6,49.81,49.81,49.81,1025.2,1025.2,1025.2,24.05,24.05,24.05,18.19,18.19,18.19,23.9,23.9,1,23.9,19.42
autumn,weekday,afternoon,11.042597645499352,23.509999999999998,25.61,21.41,90.53999999999999,106.72,74.36,39.55,43.1,36.0,49.115,49.13,49.1,1025.6,1025.69,1025.51,22.23,22.23,22.23,16.5,16.5,16.5,21.9,20.7,2,21.299999999999997,30.9
autumn,weekday,evening,7.082988854338942,25.98,25.98,25.98,78.03,78.03,78.03,30.4,30.4,30.4,39.76,39.76,39.76,1025.68,1025.68,1025.68,21.32,21.32,21.32,15.81,15.81,15.81,11.7,11.7,1,11.7,19.71
autumn,weekday,evening,5.962407246812674,23.91,23.91,23.91,102.63,102.63,102.63,42.7,42.7,42.7,38.5,38.5,38.5,1025.98,1025.98,1025.98,20.59,20.59,20.59,15.06,15.06,15.06,12.7,12.7,1,12.7,17.94
autumn,weekday,evening,5.351974950813789,24.02,24.02,24.02,98.65,98.65,98.65,36.1,36.1,36.1,39.14,39.14,39.14,1026.02,1026.02,1026.02,19.64,19.64,19.64,14.25,14.25,14.25,15.7,15.7,1,15.7,18.27
autumn,weekend,night,3.7892499994165654,28.48,28.48,28.48,98.12,98.12,98.12,43.4,43.4,43.4,43.1,43.1,43.1,1023.07,1023.07,1023.07,16.37,16.37,16.37,11.75,11.75,11.75,30.8,30.8,1,30.8,26.61
autumn,weekend,morning,3.701066063464055,38.11,38.11,38.11,78.36,78.36,78.36,37.7,37.7,37.7,37.28,37.28,37.28,1023.16,1023.16,1023.16,18.57,18.57,18.57,12.63,12.63,12.63,28.0,28.0,1,28.0,28.42
autumn,weekend,morning,4.8822893209056355,26.87,26.87,26.87,129.55,129.55,129.55,55.5,55.5,55.5,36.32,36.32,36.32,1022.97,1022.97,1022.97,20.32,20.32,20.32,14.87,14.87,14.87,24.1,24.1,1,24.1,42.34
autumn,weekend,morning,8.584691770812213,48.78,48.78,48.78,75.7,75.7,75.7,58.0,58.0,58.0,36.52,36.52,36.52,1021.27,1021.27,1021.27,24.41,24.41,24.41,18.94,18.94,18.94,16.9,16.9,1,16.9,27.27
autumn,weekend,afternoon,9.383806062553553,19.32,19.32,19.32,73.97,73.97,73.97,34.1,34.1,34.1,40.93,40.93,40.93,1020.32,1020.32,1020.32,23.41,23.41,23.41,17.31,17.31,17.31,20.5,20.5,1,20.5,24.38
autumn,weekend,afternoon,6.3512053092050085,30.265,31.71,28.82,105.405,129.92,80.89,65.6,68.4,62.8,37.18,37.18,37.18,1020.02,1020.05,1019.99,21.595,21.6,21.59,15.5,15.5,15.5,26.8,26.7,2,26.75,23.97
autumn,weekend,afternoon,4.596435402244426,23.07,27.08,19.06,104.16,128.19,80.13,44.75,47.2,42.3,35.735,35.74,35.73,1019.9200000000001,1019.98,1019.86,20.26,20.26,20.26,14.56,14.56,14.56,23.2,23.2,2,23.2,27.14
autumn,weekend,evening,3.9313249717135412,20.21,28.22,12.2,86.955,97.39,76.52,40.85,43.5,38.2,34.565,34.59,34.54,1019.7750000000001,1019.86,1019.69,20.045,20.05,20.04,13.91,13.94,13.88,23.0,22.3,2,22.65,23.33
autumn,weekend,evening,3.452600235416049,27.15,31.34,22.96,104.255,130.37,78.14,44.55,47.5,41.6,34.655,34.67,34.64,1019.5999999999999,1019.68,1019.52,19.46,19.46,19.46,13.81,13.81,13.81,25.8,25.1,2,25.450000000000003,30.02
autumn,weekend,evening,3.550527420597977,24.34,24.34,24.34,93.58,93.58,93.58,35.9,35.9,35.9,35.42,35.42,35.42,1019.34,1019.34,1019.34,19.22,19.22,19.22,13.62,13.62,13.62,22.0,22.0,1,22.0,32.43
autumn,weekend,evening,3.245558036602108,27.22,29.22,25.22,102.67,128.16,77.18,50.4,53.4,47.4,34.58,34.59,34.57,1019.2249999999999,1019.3,1019.15,19.26,19.26,19.26,13.81,13.81,13.81,22.5,20.5,2,21.5,24.92
autumn,weekend,morning,-0.3211313346335004,41.43,41.43,41.43,79.93,79.93,79.93,38.6,38.6,38.6,31.84,31.84,31.84,1018.74,1018.74,1018.74,16.51,16.51,16.51,14.94,14.94,14.94,9.9,9.9,1,9.9,22.85
autumn,weekend,morning,0.21279602216409074,41.26,41.26,41.26,75.35,75.35,75.35,52.9,52.9,52.9,25.23,25.23,25.23,1018.52,1018.52,1018.52,20.85,20.85,20.85,17.44,17.44,17.44,9.6,9.6,1,9.6,17.34
autumn,weekend,morning,1.3612363827670424,23.46,23.46,23.46,78.09,78.09,78.09,38.3,38.3,38.3,23.82,23.82,23.82,1018.51,1018.51,1018.51,23.15,23.15,23.15,19.25,19.25,19.25,9.1,9.1,1,9.1,11.67
autumn,weekend,morning,1.4264730284954406,31.485,37.34,25.63,101.02000000000001,127.89,74.15,52.650000000000006,55.1,50.2,22.425,22.44,22.41,1018.235,1018.33,1018.14,24.23,24.23,24.23,20.06,20.06,20.06,8.6,8.2,2,8.399999999999999,17.75
autumn,weekend,afternoon,0.2145181010582373,36.13,36.13,36.13,79.16,79.16,79.16,57.6,57.6,57.6,20.1,20.1,20.1,1017.65,1017.65,1017.65,24.6,24.6,24.6,19.87,19.87,19.87,7.8,7.8,1,7.8,12.42
autumn,weekend,afternoon,-0.4764343135206997,30.13,30.13,30.13,82.34,82.34,82.34,53.6,53.6,53.6,19.37,19.37,19.37,1017.26,1017.26,1017.26,24.38,24.38,24.38,18.81,18.81,18.81,6.9,6.9,1,6.9,8.7
autumn,weekend,afternoon,-1.5348177844233513,5.52,5.52,5.52,78.94,78.94,78.94,36.7,36.7,36.7,19.2,19.2,19.2,1017.4,1017.4,1017.4,23.24,23.24,23.24,17.5,17.5,17.5,7.8,7.8,1,7.8,4.87
autumn,weekend,afternoon,-1.2104752489393915,30.72,30.72,30.72,81.17,81.17,81.17,36.2,36.2,36.2,21.75,21.75,21.75,1017.32,1017.32,1017.32,21.58,21.58,21.58,15.63,15.63,15.63,9.8,9.8,1,9.8,4.5
autumn,weekend,afternoon,-1.8633587997697552,17.825,27.91,7.74,77.17,83.56,70.78,34.65,36.9,32.4,22.064999999999998,22.08,22.05,1017.6600000000001,1017.75,1017.57,20.564999999999998,20.57,20.56,15.219999999999999,15.25,15.19,8.4,7.5,2,7.95,9.25
autumn,weekend,evening,-1.467074954691148,28.84,28.84,28.84,96.18,96.18,96.18,24.7,24.7,24.7,24.13,24.13,24.13,1018.09,1018.09,1018.09,19.59,19.59,19.59,14.13,14.13,14.13,9.6,9.6,1,9.6,11.93
autumn,weekday,night,0.30243893074698147,46.84,46.84,46.84,257.83,257.83,257.83,30.1,30.1,30.1,39.47,39.47,39.47,1022.96,1022.96,1022.96,13.87,13.87,13.87,9.88,9.88,9.88,12.6,12.6,1,12.6,11.98
autumn,weekday,night,-0.07331705300303147,29.08,29.08,29.08,128.47,128.47,128.47,43.0,43.0,43.0,52.09,52.09,52.09,1021.87,1021.87,1021.87,9.26,9.26,9.26,7.19,7.19,7.19,10.5,10.5,1,10.5,11.98
autumn,weekday,night,0.7529793837563544,33.61,33.61,33.61,83.16,83.16,83.16,40.0,40.0,40.0,43.72,43.72,43.72,1022.29,1022.29,1022.29,12.8,12.8,12.8,8.13,8.13,8.13,10.6,10.6,1,10.6,8.39
autumn,weekday,night,0.20104200282763182,23.875,26.84,20.91,105.81,130.3,81.32,33.6,34.5,32.7,57.510000000000005,57.52,57.5,1021.77,1021.97,1021.57,8.09,8.1,8.08,6.31,6.31,6.31,10.7,10.0,2,10.35,8.39
autumn,weekday,morning,1.0511117201999416,37.58,37.58,37.58,75.72,75.72,75.72,34.5,34.5,34.5,46.37,46.37,46.37,1021.78,1021.78,1021.78,12.23,12.23,12.23,8.94,8.94,8.94,8.6,8.6,1,8.6,10.81
autumn,weekday,morning,0.9880175736007576,31.67,31.67,31.67,91.12,91.12,91.12,41.8,41.8,41.8,38.23,38.23,38.23,1022.14,1022.14,1022.14,15.13,15.13,15.13,9.31,9.31,9.31,8.8,8.8,1,8.8,9.36
autumn,weekday,morning,1.2143912020811445,32.15,32.15,32.15,82.02,82.02,82.02,50.5,50.5,50.5,35.94,35.94,35.94,1022.47,1022.47,1022.47,16.35,16.35,16.35,11.0,11.0,11.0,7.7,7.7,1,7.7,10.14
autumn,weekday,morning,1.383123751025096,39.54,39.54,39.54,81.11,81.11,81.11,32.7,32.7,32.7,43.76,43.76,43.76,1021.58,1021.58,1021.58,13.48,13.48,13.48,10.63,10.63,10.63,7.9,7.9,1,7.9,10.14
autumn,weekday,morning,1.8469901458134919,17.77,25.69,9.85,102.485,127.69,77.28,36.2,40.3,32.1,38.75,38.76,38.74,1022.1949999999999,1022.35,1022.04,15.879999999999999,15.89,15.87,13.06,13.06,13.06,9.8,8.9,2,9.350000000000001,15.89
autumn,weekday,morning,1.3776542308637105,31.8,31.8,31.8,83.61,83.61,83.61,46.5,46.5,46.5,33.51,33.51,33.51,1022.39,1022.39,1022.39,17.64,17.64,17.64,12.56,12.56,12.56,8.4,8.4,1,8.4,11.13
autumn,weekday,morning,1.1738660328081683,29.61,29.61,29.61,80.76,80.76,80.76,48.4,48.4,48.4,30.59,30.59,30.59,1020.94,1020.94,1020.94,18.86,18.86,18.86,13.44,13.44,13.44,8.0,8.0,1,8.0,9.5
autumn,weekday,morning,1.6210116333885976,19.59,19.59,19.59,79.31,79.31,79.31,33.5,33.5,33.5,34.38,34.38,34.38,1020.35,1020.35,1020.35,17.51,17.51,17.51,14.44,14.44,14.44,9.5,9.5,1,9.5,9.5
autumn,weekday,afternoon,1.1604518518792792,27.65,27.65,27.65,79.07,79.07,79.07,41.5,41.5,41.5,31.97,31.97,31.97,1019.24,1019.24,1019.24,18.14,18.14,18.14,14.5,14.5,14.5,9.7,9.7,1,9.7,6.65
autumn,weekday,afternoon,0.8472207531361836,27.9,28.39,27.41,106.76500000000001,132.11,81.42,56.55,59.7,53.4,28.855,28.86,28.85,1019.4849999999999,1019.56,1019.41,19.42,19.42,19.42,14.095,14.13,14.06,7.9,7.8,2,7.85,7.4
autumn,weekday,afternoon,0.6052720340530643,27.375,33.71,21.04,86.525,97.3,75.75,44.05,46.4,41.7,30.42,30.42,30.42,1018.995,1019.07,1018.92,18.295,18.3,18.29,12.280000000000001,12.31,12.25,9.0,8.9,2,8.95,5.92
autumn,weekday,afternoon,0.21126256917014538,34.11,34.11,34.11,80.54,80.54,80.54,33.7,33.7,33.7,38.63,38.63,38.63,1018.37,1018.37,1018.37,14.1,14.1,14.1,9.75,9.75,9.75,13.2,13.2,1,13.2,6.71
autumn,weekday,afternoon,-0.13702846355815898,32.04,32.04,32.04,80.12,80.12,80.12,24.9,24.9,24.9,33.72,33.72,33.72,1018.9,1018.9,1018.9,15.82,15.82,15.82,9.56,9.56,9.56,13.1,13.1,1,13.1,6.81
autumn,weekday,afternoon,-0.5926888920761274,30.97,30.97,30.97,132.47,132.47,132.47,46.7,46.7,46.7,34.94,34.94,34.94,1019.55,1019.55,1019.55,14.75,14.75,14.75,10.94,10.94,10.94,19.1,19.1,1,19.1,8.18
autumn,weekday,afternoon,-0.3839924564468695,29.59,29.59,29.59,78.39,78.39,78.39,30.4,30.4,30.4,39.95,39.95,39.95,1018.85,1018.85,1018.85,12.92,12.92,12.92,8.94,8.94,8.94,19.2,19.2,1,19.2,8.18
autumn,weekday,evening,-0.24176886615963794,13.11,13.11,13.11,75.2,75.2,75.2,23.2,23.2,23.2,40.79,40.79,40.79,1018.54,1018.54,1018.54,12.76,12.76,12.76,9.0,9.0,9.0,24.3,24.3,1,24.3,7.92
autumn,weekday,evening,-0.3876072105215755,34.52,34.52,34.52,82.35,82.35,82.35,35.2,35.2,35.2,33.84,33.84,33.84,1019.43,1019.43,1019.43,15.48,15.48,15.48,10.13,10.13,10.13,17.9,17.9,1,17.9,12.89
autumn,weekday,evening,-0.9099418802241263,35.48,35.48,35.48,78.86,78.86,78.86,34.9,34.9,34.9,37.31,37.31,37.31,1019.6,1019.6,1019.6,13.38,13.38,13.38,9.13,9.13,9.13,22.1,22.1,1,22.1,13.81
autumn,weekday,evening,-0.4587524187104469,33.0,33.0,33.0,77.58,77.58,77.58,41.9,41.9,41.9,41.49,41.49,41.49,1019.15,1019.15,1019.15,12.26,12.26,12.26,8.38,8.38,8.38,26.9,26.9,1,26.9,13.81
autumn,weekday,evening,-0.523111601574948,27.11,27.11,27.11,108.03,108.03,108.03,41.6,41.6,41.6,39.47,39.47,39.47,1020.25,1020.25,1020.25,12.95,12.95,12.95,8.75,8.75,8.75,25.2,25.2,1,25.2,17.98
autumn,weekday,evening,-0.4953178250479969,24.009999999999998,26.09,21.93,97.195,117.33,77.06,45.8,49.8,41.8,40.44,40.44,40.44,1020.6700000000001,1020.75,1020.59,12.61,12.61,12.61,7.81,7.81,7.81,23.3,22.6,2,22.950000000000003,14.61
autumn,weekday,night,-0.9567777869044773,27.85,27.85,27.85,263.17,263.17,263.17,28.9,28.9,28.9,36.44,36.44,36.44,1020.29,1020.29,1020.29,13.69,13.69,13.69,9.06,9.06,9.06,10.2,10.2,1,10.2,8.03
autumn,weekend,morning,0.9087661563997297,30.97,30.97,30.97,79.43,79.43,79.43,34.0,34.0,34.0,56.11,56.11,56.11,1019.77,1019.77,1019.77,9.21,9.21,9.21,7.31,7.31,7.31,7.1,7.1,1,7.1,3.66
autumn,weekday,night,5.999972137839256,30.69,30.69,30.69,273.24,273.24,273.24,22.2,22.2,22.2,51.38,51.38,51.38,1027.81,1027.81,1027.81,16.03,16.03,16.03,11.5,11.5,11.5,11.5,11.5,1,11.5,18.95
autumn,weekday,morning,8.00292079133061,24.83,27.34,22.32,102.095,127.32,76.87,33.75,37.1,30.4,69.875,69.88,69.87,1019.835,1019.92,1019.75,13.39,13.4,13.38,10.38,10.38,10.38,30.0,29.6,2,29.8,37.01
autumn,weekday,morning,9.513981102106406,32.24,32.24,32.24,81.48,81.48,81.48,60.0,60.0,60.0,60.75,60.75,60.75,1019.93,1019.93,1019.93,17.16,17.16,17.16,12.06,12.06,12.06,29.9,29.9,1,29.9,37.77
autumn,weekday,morning,9.925449410788412,32.17,32.17,32.17,79.82,79.82,79.82,27.8,27.8,27.8,57.94,57.94,57.94,1020.15,1020.15,1020.15,18.35,18.35,18.35,12.88,12.88,12.88,21.4,21.4,1,21.4,46.76
autumn,weekday,morning,10.423613909141968,25.64,28.15,23.13,103.025,129.87,76.18,52.25,55.5,49.0,57.425,57.43,57.42,1019.9,1019.99,1019.81,19.025,19.03,19.02,13.56,13.56,13.56,24.8,21.6,2,23.200000000000003,46.69
autumn,weekday,afternoon,10.909919733195276,27.865000000000002,32.06,23.67,103.815,131.43,76.2,55.75,59.2,52.3,57.675,57.69,57.66,1019.235,1019.32,1019.15,19.475,19.48,19.47,14.06,14.06,14.06,22.3,20.9,2,21.6,54.8
autumn,weekday,afternoon,11.313028683370815,23.384999999999998,28.69,18.08,105.065,130.95,79.18,46.05,49.8,42.3,58.47,58.47,58.47,1019.0450000000001,1019.1,1018.99,19.685000000000002,19.69,19.68,14.06,14.06,14.06,25.4,21.9,2,23.65,53.56
autumn,weekday,afternoon,12.514766103986352,22.04,22.04,22.04,131.51,131.51,131.51,56.8,56.8,56.8,65.88,65.88,65.88,1019.08,1019.08,1019.08,19.04,19.04,19.04,13.44,13.44,13.44,22.6,22.6,1,22.6,68.46
autumn,weekday,afternoon,12.493360106706474,17.88,23.59,12.17,96.15,112.01,80.29,38.25,39.5,37.0,69.84,69.84,69.84,1019.54,1019.6,1019.48,18.085,18.09,18.08,12.5,12.5,12.5,27.9,27.6,2,27.75,65.35
autumn,weekday,evening,12.471508648143221,26.814999999999998,33.15,20.48,91.25,109.49,73.01,37.25,41.7,32.8,71.27000000000001,71.28,71.26,1020.02,1020.09,1019.95,17.74,17.74,17.74,12.280000000000001,12.31,12.25,25.7,23.8,2,24.75,48.94
autumn,weekday,evening,12.584646416966008,17.59,17.59,17.59,117.18,117.18,117.18,45.0,45.0,45.0,71.44,71.44,71.44,1019.8,1019.8,1019.8,17.82,17.82,17.82,12.25,12.25,12.25,25.1,25.1,1,25.1,49.53
autumn,weekday,morning,12.484749182623794,20.245,32.21,8.28,86.81,98.92,74.7,31.55,34.5,28.6,77.945,77.96,77.93,1019.22,1019.28,1019.16,16.34,16.34,16.34,12.19,12.19,12.19,3.1,3.1,2,3.1,7.45
autumn,weekday,morning,11.633779823142508,33.19,33.19,33.19,79.04,79.04,79.04,45.9,45.9,45.9,70.05,70.05,70.05,1020.31,1020.31,1020.31,17.14,17.14,17.14,12.25,12.25,12.25,2.7,2.7,1,2.7,4.42
autumn,weekday,morning,11.015138859993488,29.48,29.48,29.48,81.65,81.65,81.65,55.9,55.9,55.9,63.29,63.29,63.29,1020.21,1020.21,1020.21,18.1,18.1,18.1,13.25,13.25,13.25,3.4,3.4,1,3.4,3.53
autumn,weekday,afternoon,10.74754659153927,25.67,25.67,25.67,97.99,97.99,97.99,55.9,55.9,55.9,59.47,59.47,59.47,1020.34,1020.34,1020.34,18.81,18.81,18.81,14.06,14.06,14.06,3.3,3.3,1,3.3,2.54
autumn,weekday,afternoon,11.049873421095961,35.1,35.1,35.1,77.79,77.79,77.79,50.7,50.7,50.7,64.36,64.36,64.36,1020.4,1020.4,1020.4,17.87,17.87,17.87,12.13,12.13,12.13,4.3,4.3,1,4.3,4.21
autumn,weekday,morning,10.134799700454488,31.06,31.06,31.06,83.28,83.28,83.28,32.5,32.5,32.5,63.37,63.37,63.37,1021.86,1021.86,1021.86,17.15,17.15,17.15,11.38,11.38,11.38,0.4,0.4,1,0.4,12.44
autumn,weekday,morning,3.412742312862311,30.17,30.17,30.17,85.73,85.73,85.73,39.6,39.6,39.6,51.89,51.89,51.89,1021.46,1021.46,1021.46,13.08,13.08,13.08,10.44,10.44,10.44,3.6,3.6,1,3.6,2.73
autumn,weekday,morning,3.3572912552926577,28.24,28.24,28.24,87.08,87.08,87.08,42.8,42.8,42.8,46.38,46.38,46.38,1022.15,1022.15,1022.15,14.75,14.75,14.75,11.75,11.75,11.75,2.7,2.7,1,2.7,2.18
autumn,weekday,morning,5.350232528839144,23.74,23.74,23.74,113.35,113.35,113.35,32.0,32.0,32.0,45.89,45.89,45.89,1022.96,1022.96,1022.96,17.1,17.1,17.1,14.19,14.19,14.19,3.5,3.5,1,3.5,2.6
autumn,weekday,afternoon,4.252670753916913,23.87,28.87,18.87,94.235,112.34,76.13,53.75,56.6,50.9,36.865,36.89,36.84,1022.54,1022.83,1022.25,19.37,19.37,19.37,15.75,15.75,15.75,3.1,2.2,2,2.6500000000000004,4.3
autumn,weekday,afternoon,4.140973720491335,25.53,29.76,21.3,106.28,132.8,79.76,34.55,39.2,29.9,37.96,37.99,37.93,1022.065,1022.25,1021.88,18.775,18.78,18.77,14.66,14.69,14.63,13.6,4.2,2,8.9,3.44
autumn,weekday,afternoon,5.013662993105598,25.34,25.34,25.34,119.71,119.71,119.71,37.7,37.7,37.7,43.38,43.38,43.38,1022.02,1022.02,1022.02,17.62,17.62,17.62,13.25,13.25,13.25,11.3,11.3,1,11.3,2.2
autumn,weekday,afternoon,4.135335930865583,26.575,29.93,23.22,99.08500000000001,124.55,73.62,44.2,48.0,40.4,45.07,45.1,45.04,1022.945,1023.2,1022.69,16.05,16.05,16.05,11.845,11.88,11.81,20.0,16.9,2,18.45,7.3
autumn,weekday,evening,1.3687466893039284,27.52,27.52,27.52,111.38,111.38,111.38,35.0,35.0,35.0,37.59,37.59,37.59,1023.0,1023.0,1023.0,15.82,15.82,15.82,12.19,12.19,12.19,10.9,10.9,1,10.9,13.08
autumn,weekday,evening,0.42282699254645345,32.45,32.45,32.45,98.42,98.42,98.42,37.0,37.0,37.0,32.97,32.97,32.97,1023.85,1023.85,1023.85,16.81,16.81,16.81,12.5,12.5,12.5,5.8,5.8,1,5.8,10.45
autumn,weekday,evening,0.5249785593186039,29.93,29.93,29.93,127.58,127.58,127.58,36.9,36.9,36.9,36.48,36.48,36.48,1024.57,1024.57,1024.57,15.34,15.34,15.34,11.56,11.56,11.56,11.2,11.2,1,11.2,7.32
winter,weekday,morning,-1.885169120035241,41.21,41.21,41.21,257.76,257.76,257.76,41.3,41.3,41.3,38.07,38.07,38.07,1021.76,1021.76,1021.76,11.98,11.98,11.98,8.94,8.94,8.94,3.2,3.2,1,3.2,6.47
winter,weekday,night,-2.0368428289024707,30.51,38.35,22.67,101.03999999999999,128.12,73.96,41.7,45.7,37.7,52.64,52.67,52.61,1014.31,1014.52,1014.1,6.99,7.0,6.98,4.905,4.94,4.87,7.8,7.2,2,7.5,5.37
winter,weekday,morning,-0.6492138949156571,25.13,25.13,25.13,78.81,78.81,78.81,47.1,47.1,47.1,41.08,41.08,41.08,1013.01,1013.01,1013.01,12.2,12.2,12.2,8.81,8.81,8.81,9.6,9.6,1,9.6,9.77
winter,weekday,morning,-0.2459811906616092,24.56,24.56,24.56,99.04,99.04,99.04,31.0,31.0,31.0,39.57,39.57,39.57,1012.26,1012.26,1012.26,13.22,13.22,13.22,9.88,9.88,9.88,5.0,5.0,1,5.0,19.04
winter,weekday,morning,0.9290162760349494,30.09,30.09,30.09,81.18,81.18,81.18,53.4,53.4,53.4,35.89,35.89,35.89,1011.14,1011.14,1011.14,16.05,16.05,16.05,13.44,13.44,13.44,5.6,5.6,1,5.6,14.12
winter,weekday,morning,1.8245459141405849,21.63,21.63,21.63,112.36,112.36,112.36,42.3,42.3,42.3,34.84,34.84,34.84,1010.04,1010.04,1010.04,17.53,17.53,17.53,14.31,14.31,14.31,7.7,7.7,1,7.7,16.7
winter,weekday,afternoon,3.1960610055272434,33.39,33.39,33.39,80.38,80.38,80.38,39.5,39.5,39.5,42.43,42.43,42.43,1010.36,1010.36,1010.36,15.96,15.96,15.96,11.5,11.5,11.5,12.2,12.2,1,12.2,11.69
winter,weekday,afternoon,1.7938037180771456,23.41,23.41,23.41,117.41,117.41,117.41,38.8,38.8,38.8,41.91,41.91,41.91,1010.75,1010.75,1010.75,14.6,14.6,14.6,10.38,10.38,10.38,10.3,10.3,1,10.3,15.44
winter,weekday,afternoon,2.5055888026335986,26.01,26.76,25.26,100.945,128.75,73.14,26.950000000000003,31.3,22.6,46.6,46.61,46.59,1012.085,1012.28,1011.89,13.745000000000001,13.76,13.73,9.345,9.38,9.31,12.0,11.3,2,11.65,12.35
winter,weekday,afternoon,2.2572819444339367,28.98,33.5,24.46,102.485,130.38,74.59,28.9,33.4,24.4,49.32,49.33,49.31,1012.7449999999999,1013.06,1012.43,12.605,12.61,12.6,8.5,8.5,8.5,13.7,11.1,2,12.399999999999999,12.78
winter,weekday,evening,2.006369276814838,24.27,33.5,15.04,94.10499999999999,112.27,75.94,33.95,37.5,30.4,50.61,50.63,50.59,1013.405,1013.66,1013.15,11.94,11.94,11.94,7.81,7.81,7.81,12.9,12.6,2,12.75,16.8
winter,weekday,evening,1.7239202429876446,33.35,33.35,33.35,81.6,81.6,81.6,31.0,31.0,31.0,51.57,51.57,51.57,1013.65,1013.65,1013.65,11.35,11.35,11.35,7.25,7.25,7.25,10.0,10.0,1,10.0,19.14
winter,weekend,night,1.1792145089852106,31.84,31.84,31.84,79.81,79.81,79.81,38.6,38.6,38.6,51.61,51.61,51.61,997.85,997.85,997.85,10.75,10.75,10.75,9.56,9.56,9.56,4.0,4.0,1,4.0,4.94
winter,weekend,morning,1.8921200016554431,29.78,29.78,29.78,79.1,79.1,79.1,36.2,36.2,36.2,40.58,40.58,40.58,997.57,997.57,997.57,15.21,15.21,15.21,11.81,11.81,11.81,5.5,5.5,1,5.5,4.2
winter,weekend,morning,1.751907800968284,24.58,24.58,24.58,130.49,130.49,130.49,52.3,52.3,52.3,37.83,37.83,37.83,996.64,996.64,996.64,16.15,16.15,16.15,11.63,11.63,11.63,6.9,6.9,1,6.9,4.47
winter,weekend,morning,1.7104618549334751,22.24,22.24,22.24,95.1,95.1,95.1,32.1,32.1,32.1,37.67,37.67,37.67,996.23,996.23,996.23,16.17,16.17,16.17,11.75,11.75,11.75,9.8,9.8,1,9.8,4.58
winter,weekend,morning,1.6244193435819205,30.97,30.97,30.97,81.48,81.48,81.48,46.9,46.9,46.9,37.13,37.13,37.13,996.56,996.56,996.56,16.3,16.3,16.3,12.0,12.0,12.0,9.2,9.2,1,9.2,8.0
winter,weekend,morning,1.38232096167602,31.52,31.52,31.52,79.3,79.3,79.3,33.2,33.2,33.2,35.53,35.53,35.53,994.22,994.22,994.22,16.72,16.72,16.72,12.19,12.19,12.19,7.5,7.5,1,7.5,7.45
winter,weekend,afternoon,1.0096087859547187,24.93,24.93,24.93,96.21,96.21,96.21,45.8,45.8,45.8,35.28,35.28,35.28,992.45,992.45,992.45,16.41,16.41,16.41,11.38,11.38,11.38,12.4,12.4,1,12.4,17.67
winter,weekend,afternoon,0.8953700675710347,19.345,20.21,18.48,103.58500000000001,128.08,79.09,45.849999999999994,49.3,42.4,35.974999999999994,35.98,35.97,992.155,992.21,992.1,15.975000000000001,15.98,15.97,11.19,11.19,11.19,11.6,11.4,2,11.5,15.98
winter,weekend,afternoon,0.865177941343557,27.42,30.34,24.5,87.13499999999999,96.57,77.7,41.3,46.0,36.6,36.150000000000006,36.17,36.13,992.63,992.68,992.58,15.864999999999998,15.87,15.86,11.030000000000001,11.06,11.0,11.2,10.3,2,10.75,11.31
winter,weekend,afternoon,1.7358303538603659,19.335,21.87,16.8,104.005,125.84,82.17,30.45,32.9,28.0,40.065,40.09,40.04,993.0450000000001,993.12,992.97,15.235,15.24,15.23,9.91,9.94,9.88,11.7,11.1,2,11.399999999999999,12.21
winter,weekend,afternoon,0.5724374826822193,25.564999999999998,29.39,21.74,98.865,122.46,75.27,35.55,40.9,30.2,38.44,38.45,38.43,994.3699999999999,994.43,994.31,14.58,14.58,14.58,10.19,10.19,10.19,6.0,5.9,2,5.95,9.02
winter,weekend,evening,0.6527524042618807,28.87,28.87,28.87,81.94,81.94,81.94,45.8,45.8,45.8,38.39,38.39,38.39,994.91,994.91,994.91,14.69,14.69,14.69,10.19,10.19,10.19,5.5,5.5,1,5.5,8.71
winter,weekend,evening,0.36309079307449843,28.759999999999998,32.48,25.04,104.94999999999999,129.69,80.21,38.75,41.1,36.4,38.879999999999995,38.89,38.87,997.29,997.34,997.24,14.17,14.17,14.17,9.13,9.13,9.13,4.6,4.3,2,4.449999999999999,5.57
winter,weekday,night,-0.09312338784299116,50.23,50.23,50.23,255.18,255.18,255.18,28.0,28.0,28.0,35.7,35.7,35.7,1019.15,1019.15,1019.15,14.98,14.98,14.98,10.38,10.38,10.38,2.5,2.5,1,2.5,1.96
winter,weekday,night,0.1650331216050345,18.85,18.85,18.85,285.45,285.45,285.45,36.3,36.3,36.3,42.26,42.26,42.26,1024.79,1024.79,1024.79,12.67,12.67,12.67,9.13,9.13,9.13,1.7,1.7,1,1.7,2.04
winter,weekday,morning,2.89949158972442,25.195,25.85,24.54,79.62,86.05,73.19,36.7,39.3,34.1,69.08500000000001,69.16,69.01,1028.115,1028.21,1028.02,8.235,8.24,8.23,5.155,5.19,5.12,13.6,12.8,2,13.2,10.05
winter,weekday,morning,4.796162085838592,32.82,32.82,32.82,79.88,79.88,79.88,51.4,51.4,51.4,47.9,47.9,47.9,1028.85,1028.85,1028.85,15.82,15.82,15.82,12.06,12.06,12.06,13.1,13.1,1,13.1,27.31
winter,weekday,morning,6.051174544979734,29.61,29.61,29.61,82.28,82.28,82.28,48.7,48.7,48.7,44.72,44.72,44.72,1026.92,1026.92,1026.92,18.28,18.28,18.28,14.63,14.63,14.63,17.4,17.4,1,17.4,23.17
winter,weekday,afternoon,7.4225223848285005,18.98,18.98,18.98,119.77,119.77,119.77,36.6,36.6,36.6,47.03,47.03,47.03,1026.48,1026.48,1026.48,18.98,18.98,18.98,14.69,14.69,14.69,29.4,29.4,1,29.4,27.64
winter,weekday,afternoon,7.469581383672593,23.325,25.74,20.91,87.88499999999999,101.3,74.47,34.349999999999994,37.8,30.9,47.255,47.27,47.24,1026.04,1026.14,1025.94,18.955,18.96,18.95,13.845,13.88,13.81,31.3,31.1,2,31.200000000000003,35.92
winter,weekday,afternoon,7.767281610222976,25.32,25.32,25.32,103.02,103.02,103.02,34.1,34.1,34.1,51.91,51.91,51.91,1026.3,1026.3,1026.3,17.78,17.78,17.78,12.37,12.37,12.37,40.5,40.5,1,40.5,31.93
winter,weekday,afternoon,7.642389749050967,21.18,22.84,19.52,89.79499999999999,103.02,76.57,36.75,40.9,32.6,54.035,54.05,54.02,1026.5300000000002,1026.64,1026.42,17.01,17.01,17.01,11.719999999999999,11.75,11.69,45.3,44.1,2,44.7,35.66
winter,weekday,evening,7.1016353094959515,29.43,29.43,29.43,79.76,79.76,79.76,30.8,30.8,30.8,52.34,52.34,52.34,1026.43,1026.43,1026.43,16.93,16.93,16.93,11.31,11.31,11.31,43.9,43.9,1,43.9,34.13
winter,weekday,evening,5.775295167213168,19.740000000000002,31.02,8.46,77.195,80.91,73.48,31.7,33.9,29.5,52.215,52.29,52.14,1026.575,1026.68,1026.47,15.535,15.54,15.53,10.25,10.25,10.25,28.9,28.7,2,28.799999999999997,35.51
winter,weekend,night,1.2495580706894795,26.61,26.61,26.61,115.7,115.7,115.7,41.3,41.3,41.3,43.23,43.23,43.23,1014.72,1014.72,1014.72,13.52,13.52,13.52,4.62,4.62,4.62,2.4,2.4,1,2.4,5.43
winter,weekend,morning,-0.07375517548209386,30.47,30.47,30.47,79.92,79.92,79.92,28.8,28.8,28.8,46.37,46.37,46.37,1013.57,1013.57,1013.57,11.0,11.0,11.0,4.69,4.69,4.69,2.8,2.8,1,2.8,7.47
winter,weekend,morning,0.6449501051272291,30.89,30.89,30.89,97.19,97.19,97.19,20.1,20.1,20.1,44.3,44.3,44.3,1012.77,1012.77,1012.77,12.48,12.48,12.48,5.87,5.87,5.87,4.3,4.3,1,4.3,13.08
winter,weekend,morning,1.4917035400300207,30.11,30.11,30.11,81.99,81.99,81.99,25.7,25.7,25.7,44.39,44.39,44.39,1011.79,1011.79,1011.79,13.38,13.38,13.38,7.25,7.25,7.25,6.6,6.6,1,6.6,11.9
winter,weekend,morning,2.3418197716235105,41.19,41.19,41.19,79.4,79.4,79.4,29.4,29.4,29.4,43.58,43.58,43.58,1010.0,1010.0,1010.0,14.6,14.6,14.6,8.69,8.69,8.69,7.4,7.4,1,7.4,9.93
winter,weekend,morning,3.1901989121019527,12.410000000000002,18.21,2.52,91.96333333333332,121.02,74.56,24.23333333333333,30.4,19.9,43.16,43.17,43.15,1007.5233333333332,1007.62,1007.42,15.686666666666667,15.69,15.68,9.520000000000001,9.56,9.5,5.6,4.8,3,5.066666666666666,8.27
winter,weekend,afternoon,3.4742409124020823,27.13,27.13,27.13,73.51,73.51,73.51,35.8,35.8,35.8,42.37,42.37,42.37,1005.86,1005.86,1005.86,16.29,16.29,16.29,9.94,9.94,9.94,5.9,5.9,1,5.9,6.61
winter,weekend,afternoon,4.51117875375554,23.945,25.04,22.85,106.19,131.48,80.9,30.75,32.0,29.5,47.79,47.79,47.79,1004.98,1005.05,1004.91,15.545,15.55,15.54,8.469999999999999,8.5,8.44,17.6,16.0,2,16.8,8.49
winter,weekend,afternoon,4.365227400725671,25.049999999999997,26.56,23.54,77.775,83.2,72.35,21.0,23.7,18.3,48.55,48.55,48.55,1004.235,1004.32,1004.15,15.14,15.14,15.14,7.69,7.69,7.69,18.3,16.4,2,17.35,11.03
winter,weekend,afternoon,5.255144670471326,21.345,23.08,19.61,96.03999999999999,113.1,78.98,26.6,29.3,23.9,55.675,55.68,55.67,1002.12,1002.19,1002.05,13.98,13.98,13.98,6.970000000000001,7.0,6.94,25.8,19.7,2,22.75,9.2
winter,weekend,evening,5.696694951671572,36.8,36.8,36.8,78.58,78.58,78.58,25.3,25.3,25.3,61.71,61.71,61.71,1000.73,1000.73,1000.73,12.87,12.87,12.87,6.75,6.75,6.75,0.5,0.5,1,0.5,16.49
winter,weekend,evening,5.383412594107907,24.8,24.8,24.8,88.93,88.93,88.93,28.1,28.1,28.1,61.18,61.18,61.18,999.84,999.84,999.84,12.67,12.67,12.67,6.94,6.94,6.94,0.8,0.8,1,0.8,20.53
winter,weekday,morning,-3.389034494556923,26.48,26.48,26.48,131.03,131.03,131.03,38.8,38.8,38.8,28.8,28.8,28.8,1022.51,1022.51,1022.51,14.55,14.55,14.55,11.5,11.5,11.5,3.2,3.2,1,3.2,1.09
winter,weekday,morning,-3.075015771238461,27.76,32.02,23.5,95.825,117.76,73.89,49.45,53.7,45.2,25.055,25.06,25.05,1023.35,1023.44,1023.26,17.095,17.1,17.09,12.81,12.81,12.81,5.9,5.3,2,5.6,1.0
winter,weekday,afternoon,-3.132654344299782,25.53,30.32,20.74,103.37,127.89,78.85,52.6,56.1,49.1,23.46,23.46,23.46,1023.325,1023.4,1023.25,18.07,18.07,18.07,13.19,13.19,13.19,4.5,4.1,2,4.3,1.0
winter,weekday,afternoon,-3.365742909624154,28.5,28.5,28.5,100.63,100.63,100.63,56.5,56.5,56.5,22.84,22.84,22.84,1023.89,1023.89,1023.89,18.22,18.22,18.22,12.81,12.81,12.81,4.0,4.0,1,4.0,1.9
winter,weekday,afternoon,-3.153456525276142,43.56,43.56,43.56,83.45,83.45,83.45,46.3,46.3,46.3,23.75,23.75,23.75,1025.44,1025.44,1025.44,17.85,17.85,17.85,12.19,12.19,12.19,5.0,5.0,1,5.0,1.52
winter,weekday,afternoon,-3.1009866142870277,16.64,22.13,11.15,95.37,118.55,72.19,43.4,46.8,40.0,24.975,24.98,24.97,1026.45,1026.51,1026.39,17.115000000000002,17.12,17.11,11.219999999999999,11.25,11.19,6.3,5.7,2,6.0,1.21
winter,weekday,afternoon,-3.020435245414859,32.0,32.0,32.0,78.21,78.21,78.21,44.2,44.2,44.2,26.51,26.51,26.51,1027.08,1027.08,1027.08,16.27,16.27,16.27,10.75,10.75,10.75,6.1,6.1,1,6.1,3.54
winter,weekday,evening,-2.7297075822732606,30.63,30.63,30.63,128.37,128.37,128.37,43.8,43.8,43.8,28.4,28.4,28.4,1027.06,1027.06,1027.06,15.53,15.53,15.53,9.94,9.94,9.94,6.4,6.4,1,6.4,4.35
winter,weekday,evening,-2.466705454801956,23.84,23.84,23.84,100.79,100.79,100.79,54.7,54.7,54.7,29.75,29.75,29.75,1027.37,1027.37,1027.37,15.11,15.11,15.11,9.56,9.56,9.56,6.4,6.4,1,6.4,3.48
winter,weekday,morning,-4.958104189177235,26.15,26.15,26.15,304.35,304.35,304.35,46.2,46.2,46.2,30.35,30.35,30.35,1030.08,1030.08,1030.08,11.94,11.94,11.94,9.69,9.69,9.69,2.0,2.0,1,2.0,2.86
winter,weekend,morning,3.867766208786112,27.52,27.52,27.52,104.68,104.68,104.68,46.6,46.6,46.6,57.36,57.36,57.36,1023.36,1023.36,1023.36,12.04,12.04,12.04,8.44,8.44,8.44,8.5,8.5,1,8.5,4.69
winter,weekend,morning,3.711945956326044,30.13,30.13,30.13,131.33,131.33,131.33,43.4,43.4,43.4,52.07,52.07,52.07,1023.54,1023.54,1023.54,13.35,13.35,13.35,7.94,7.94,7.94,8.9,8.9,1,8.9,8.18
winter,weekday,night,-0.16638778255213205,25.16,27.52,22.8,104.58,130.35,78.81,41.4,47.8,35.0,67.685,67.75,67.62,1025.1950000000002,1025.25,1025.14,5.33,5.35,5.31,3.84,3.87,3.81,4.4,4.3,2,4.35,10.11
winter,weekday,morning,1.4710419665500916,30.955000000000002,35.13,26.78,99.22,124.92,73.52,53.2,55.1,51.3,43.864999999999995,43.94,43.79,1026.305,1026.38,1026.23,13.54,13.54,13.54,10.16,10.19,10.13,6.1,5.2,2,5.65,10.15
winter,weekday,morning,3.329421275134714,32.71,32.71,32.71,80.66,80.66,80.66,55.9,55.9,55.9,40.99,40.99,40.99,1026.49,1026.49,1026.49,16.65,16.65,16.65,13.62,13.62,13.62,11.6,11.6,1,11.6,11.37
winter,weekday,morning,5.755072461782854,28.48,28.48,28.48,80.92,80.92,80.92,20.7,20.7,20.7,42.73,42.73,42.73,1025.71,1025.71,1025.71,18.68,18.68,18.68,15.0,15.0,15.0,10.2,10.2,1,10.2,20.87
winter,weekday,afternoon,6.495695150983444,26.36,29.48,23.24,91.1,107.5,74.7,44.75,48.8,40.7,42.045,42.05,42.04,1025.355,1025.44,1025.27,19.76,19.76,19.76,15.345,15.38,15.31,9.8,9.4,2,9.600000000000001,21.13
winter,weekday,afternoon,6.625265156539684,27.72,27.72,27.72,82.82,82.82,82.82,33.7,33.7,33.7,43.76,43.76,43.76,1025.52,1025.52,1025.52,19.26,19.26,19.26,13.88,13.88,13.88,11.1,11.1,1,11.1,14.51
winter,weekday,afternoon,6.6378863015031175,24.35,29.35,19.35,93.09,108.77,77.41,35.2,38.6,31.8,48.86,48.87,48.85,1025.855,1025.93,1025.78,17.515,17.52,17.51,11.69,11.69,11.69,11.4,11.1,2,11.25,13.1
winter,weekday,afternoon,5.562787243389197,26.8,26.8,26.8,82.36,82.36,82.36,34.0,34.0,34.0,50.49,50.49,50.49,1025.95,1025.95,1025.95,15.83,15.83,15.83,10.56,10.56,10.56,18.8,18.8,1,18.8,16.07
winter,weekday,evening,4.328848945761023,26.095,28.04,24.15,105.86,132.32,79.4,28.85,33.9,23.8,48.519999999999996,48.54,48.5,1026.1999999999998,1026.28,1026.12,15.11,15.11,15.11,10.06,10.06,10.06,15.6,14.8,2,15.2,25.51
winter,weekday,evening,3.5728246525463994,26.04,26.04,26.04,85.42,85.42,85.42,47.1,47.1,47.1,47.64,47.64,47.64,1026.87,1026.87,1026.87,14.57,14.57,14.57,9.63,9.63,9.63,17.2,17.2,1,17.2,28.86
