month,hour,day_of_week,day_of_month,week_of_month,season,weekend,time_of_day,dew_point,DEW_POINT_MAX,DEW_POINT_MIN,LAT_MEAN,LAT_MAX,LAT_MIN,LON_MEAN,LON_MAX,LON_MIN,GPS_KMH_MEAN,GPS_KMH_MAX,GPS_KMH_MIN,GPS_DIR_MEAN,GPS_DIR_MAX,GPS_DIR_MIN,GPS_ALT_MEAN,GPS_ALT_MAX,GPS_ALT_MIN,BM_H_MEAN,BM_H_MAX,BM_H_MIN,BM_P_MEAN,BM_P_MAX,BM_P_MIN,BM_T_MEAN,BM_T_MAX,BM_T_MIN,DS_T_MEAN,DS_T_MAX,DS_T_MIN,PM10_MAX,PM10_MIN,NUM_MEASUREMENTS,PM10_MEAN,PM10_ARPA
january,13,tuesday,7,week1,winter,weekday,afternoon,8.239783723244244,8.239783723244244,8.239783723244244,45.647905,45.647905,45.647905,13.854158,13.854158,13.854158,54.21,54.21,54.21,113.07,113.07,113.07,365.1,365.1,365.1,65.99,65.99,65.99,967.12,967.12,967.12,14.52,14.52,14.52,8.25,8.25,8.25,1.6,1.6,1,1.6,5.61
january,14,tuesday,7,week1,winter,weekday,afternoon,8.091479738103665,8.091479738103665,8.091479738103665,45.647742,45.647742,45.647742,13.854923,13.854923,13.854923,60.28,60.28,60.28,295.0,295.0,295.0,368.5,368.5,368.5,65.88,65.88,65.88,966.49,966.49,966.49,14.39,14.39,14.39,8.13,8.13,8.13,0.6,0.6,1,0.6,7.63
january,15,tuesday,7,week1,winter,weekday,afternoon,7.351165136533082,7.351165136533082,7.351165136533082,45.64731,45.64731,45.64731,13.856268,13.856268,13.856268,53.65,53.65,53.65,114.1,114.1,114.1,364.7,364.7,364.7,65.59,65.59,65.59,967.62,967.62,967.62,13.68,13.68,13.68,7.69,7.69,7.69,0.5,0.5,1,0.5,9.53
january,17,tuesday,7,week1,winter,weekday,afternoon,7.788224968842697,7.788224968842697,7.788224968842697,45.647477,45.647477,45.647477,13.855603,13.855603,13.855603,45.87,45.87,45.87,113.03,113.03,113.03,354.0,354.0,354.0,64.87,64.87,64.87,968.51,968.51,968.51,14.31,14.31,14.31,8.19,8.19,8.19,0.6,0.6,1,0.6,14.61
january,7,wednesday,29,week4,winter,weekday,morning,5.866060761609567,5.866060761609567,5.866060761609567,45.6477,45.647703,45.647697,13.8549335,13.854937,13.85493,64.17,64.17,64.17,293.87,293.87,293.87,381.3,381.3,381.3,47.2,47.2,47.2,970.44,970.44,970.44,17.22,17.22,17.22,10.75,10.75,10.75,7.1,7.1,2,7.1,5.08
february,8,tuesday,11,week2,winter,weekday,morning,3.02927808194269,3.02927808194269,3.02927808194269,45.647488,45.647488,45.647488,13.855577,13.855577,13.855577,57.75,57.75,57.75,113.58,113.58,113.58,376.7,376.7,376.7,51.47,51.47,51.47,982.94,982.94,982.94,12.79,12.79,12.79,8.0,8.0,8.0,35.4,35.4,1,35.4,30.29
february,16,tuesday,11,week2,winter,weekday,afternoon,4.816307083995799,4.816307083995799,4.816307083995799,45.647808,45.647808,45.647808,13.854522,13.854522,13.854522,51.1,51.1,51.1,113.07,113.07,113.07,379.1,379.1,379.1,36.49,36.49,36.49,980.58,980.58,980.58,20.17,20.17,20.17,13.31,13.31,13.31,34.1,34.1,1,34.1,31.99
february,17,wednesday,12,week2,winter,weekday,afternoon,9.176629055581747,9.176629055581747,9.176629055581747,45.647287,45.647287,45.647287,13.85616,13.85616,13.85616,49.24,49.24,49.24,114.17,114.17,114.17,365.0,365.0,365.0,51.06,51.06,51.06,978.71,978.71,978.71,19.57,19.57,19.57,9.31,9.31,9.31,6.1,6.1,1,6.1,6.85
february,20,wednesday,12,week2,winter,weekday,evening,10.294380152578366,10.294380152578366,10.294380152578366,45.647448,45.647448,45.647448,13.856067,13.856067,13.856067,49.93,49.93,49.93,292.88,292.88,292.88,395.6,395.6,395.6,38.07,38.07,38.07,977.91,977.91,977.91,25.64,25.64,25.64,15.44,15.44,15.44,6.5,6.5,1,6.5,4.49
february,20,wednesday,12,week2,winter,weekday,evening,8.482581594573745,8.482581594573745,8.482581594573745,45.647325,45.647325,45.647325,13.856085,13.856085,13.856085,52.34,52.34,52.34,293.76,293.76,293.76,392.2,392.2,392.2,34.29,34.29,34.29,977.89,977.89,977.89,25.35,25.35,25.35,11.88,11.88,11.88,6.1,6.1,1,6.1,4.49
february,12,thursday,13,week2,winter,weekday,afternoon,9.783624631133652,9.783624631133652,9.783624631133652,45.647662,45.647662,45.647662,13.855127,13.855127,13.855127,57.13,57.13,57.13,294.13,294.13,294.13,364.3,364.3,364.3,49.84,49.84,49.84,973.76,973.76,973.76,20.62,20.62,20.62,11.31,11.31,11.31,6.4,6.4,1,6.4,6.65
february,6,friday,14,week2,winter,weekday,morning,5.364885470319312,5.364885470319312,5.364885470319312,45.64753,45.64753,45.64753,13.855148,13.855148,13.855148,49.97,49.97,49.97,113.38,113.38,113.38,376.5,376.5,376.5,58.37,58.37,58.37,968.7,968.7,968.7,13.37,13.37,13.37,4.81,4.81,4.81,0.6,0.6,1,0.6,4.83
february,6,wednesday,19,week3,winter,weekday,morning,-9.987377423295316,-9.987377423295316,-9.987377423295316,45.647438,45.647438,45.647438,13.85569,13.85569,13.85569,53.3,53.3,53.3,112.3,112.3,112.3,372.5,372.5,372.5,35.52,35.52,35.52,985.59,985.59,985.59,3.92,3.92,3.92,-3.12,-3.12,-3.12,6.3,6.3,1,6.3,15.83
february,8,wednesday,19,week3,winter,weekday,morning,-9.598751438086184,-9.598751438086184,-9.598751438086184,45.647902,45.647902,45.647902,13.85426,13.85426,13.85426,56.62,56.62,56.62,112.41,112.41,112.41,356.7,356.7,356.7,32.17,32.17,32.17,986.45,986.45,986.45,5.78,5.78,5.78,0.13,0.13,0.13,7.6,7.6,1,7.6,11.97
february,9,wednesday,19,week3,winter,weekday,morning,-8.550083428104871,-8.550083428104871,-8.550083428104871,45.647682,45.647682,45.647682,13.855097,13.855097,13.855097,60.25,60.25,60.25,295.15,295.15,295.15,372.1,372.1,372.1,28.97,28.97,28.97,985.89,985.89,985.89,8.51,8.51,8.51,2.25,2.25,2.25,8.9,8.9,1,8.9,21.34
february,10,wednesday,19,week3,winter,weekday,morning,-9.037523651561527,-9.037523651561527,-9.037523651561527,45.647902,45.647902,45.647902,13.854277,13.854277,13.854277,60.41,60.41,60.41,112.6,112.6,112.6,360.8,360.8,360.8,28.87,28.87,28.87,986.74,986.74,986.74,8.0,8.0,8.0,2.94,2.94,2.94,6.5,6.5,1,6.5,14.94
february,12,wednesday,19,week3,winter,weekday,afternoon,-8.23364363307634,-8.23364363307634,-8.23364363307634,45.647492,45.647492,45.647492,13.855627,13.855627,13.855627,60.13,60.13,60.13,114.67,114.67,114.67,361.7,361.7,361.7,25.96,25.96,25.96,986.07,986.07,986.07,10.51,10.51,10.51,4.44,4.44,4.44,8.9,8.9,1,8.9,17.31
february,14,wednesday,19,week3,winter,weekday,afternoon,-8.00262947030693,-8.00262947030693,-8.00262947030693,45.647363,45.647363,45.647363,13.855977,13.855977,13.855977,56.69,56.69,56.69,112.74,112.74,112.74,359.6,359.6,359.6,25.43,25.43,25.43,985.38,985.38,985.38,11.09,11.09,11.09,4.06,4.06,4.06,10.3,10.3,1,10.3,8.48
february,15,wednesday,19,week3,winter,weekday,afternoon,-7.155520045094926,-7.155520045094926,-7.155520045094926,45.647695,45.647695,45.647695,13.855088,13.855088,13.855088,62.95,62.95,62.95,293.56,293.56,293.56,368.6,368.6,368.6,25.0,25.0,25.0,984.5,984.5,984.5,12.34,12.34,12.34,3.37,3.37,3.37,11.0,11.0,1,11.0,5.94
february,16,wednesday,19,week3,winter,weekday,afternoon,-7.900593487727127,-7.900593487727127,-7.900593487727127,45.647378,45.647378,45.647378,13.856093,13.856093,13.856093,60.25,60.25,60.25,113.96,113.96,113.96,362.2,362.2,362.2,28.54,28.54,28.54,985.46,985.46,985.46,9.48,9.48,9.48,1.5,1.5,1.5,9.2,9.2,1,9.2,8.25
february,17,wednesday,19,week3,winter,weekday,afternoon,-7.41604618582374,-7.41604618582374,-7.41604618582374,45.647622,45.647622,45.647622,13.855287,13.855287,13.855287,46.6,46.6,46.6,293.82,293.82,293.82,355.1,355.1,355.1,29.97,29.97,29.97,985.41,985.41,985.41,9.31,9.31,9.31,0.5,0.5,0.5,10.5,10.5,1,10.5,10.07
february,20,wednesday,19,week3,winter,weekday,evening,-8.499732073318269,-8.499732073318269,-8.499732073318269,45.647292,45.647292,45.647292,13.856167,13.856167,13.856167,52.43,52.43,52.43,113.77,113.77,113.77,362.6,362.6,362.6,30.52,30.52,30.52,986.88,986.88,986.88,7.8,7.8,7.8,-1.25,-1.25,-1.25,11.1,11.1,1,11.1,12.73
february,21,wednesday,19,week3,winter,weekday,evening,-8.646256399440336,-8.646256399440336,-8.646256399440336,45.6477,45.6477,45.6477,13.854967,13.854967,13.854967,57.89,57.89,57.89,294.0,294.0,294.0,363.9,363.9,363.9,30.86,30.86,30.86,986.25,986.25,986.25,7.47,7.47,7.47,-0.69,-0.69,-0.69,13.0,13.0,1,13.0,12.01
february,22,wednesday,19,week3,winter,weekday,evening,-8.977145621634921,-8.977145621634921,-8.977145621634921,45.647483,45.647483,45.647483,13.855688,13.855688,13.855688,51.36,51.36,51.36,293.92,293.92,293.92,363.2,363.2,363.2,30.78,30.78,30.78,986.14,986.14,986.14,7.13,7.13,7.13,-0.88,-0.88,-0.88,13.2,13.2,1,13.2,14.25
february,7,thursday,20,week3,winter,weekday,morning,-9.155950335988491,-9.155950335988491,-9.155950335988491,45.647402,45.647402,45.647402,13.855898,13.855898,13.855898,58.54,58.54,58.54,114.0,114.0,114.0,355.0,355.0,355.0,34.53,34.53,34.53,987.41,987.41,987.41,5.26,5.26,5.26,0.37,0.37,0.37,9.9,9.9,1,9.9,20.91
february,8,thursday,20,week3,winter,weekday,morning,-8.474931249642061,-8.474931249642061,-8.474931249642061,45.647545,45.647545,45.647545,13.855552,13.855552,13.855552,65.21,65.21,65.21,293.37,293.37,293.37,362.8,362.8,362.8,32.01,32.01,32.01,986.74,986.74,986.74,7.13,7.13,7.13,2.25,2.25,2.25,7.8,7.8,1,7.8,22.96
february,9,thursday,20,week3,winter,weekday,morning,-7.04778146659636,-7.04778146659636,-7.04778146659636,45.647302,45.647302,45.647302,13.856232,13.856232,13.856232,58.45,58.45,58.45,113.34,113.34,113.34,373.0,373.0,373.0,28.95,28.95,28.95,987.91,987.91,987.91,10.25,10.25,10.25,4.81,4.81,4.81,3.5,3.5,1,3.5,22.01
february,10,thursday,20,week3,winter,weekday,morning,-6.552978883225095,-6.552978883225095,-6.552978883225095,45.647872,45.647872,45.647872,13.854465,13.854465,13.854465,65.26,65.26,65.26,294.13,294.13,294.13,360.1,360.1,360.1,27.51,27.51,27.51,987.33,987.33,987.33,11.59,11.59,11.59,6.19,6.19,6.19,9.3,9.3,1,9.3,18.96
february,11,thursday,20,week3,winter,weekday,morning,-5.7511515215412174,-5.7511515215412174,-5.7511515215412174,45.647868,45.647868,45.647868,13.854365,13.854365,13.854365,62.21,62.21,62.21,112.7,112.7,112.7,358.4,358.4,358.4,26.33,26.33,26.33,987.66,987.66,987.66,13.19,13.19,13.19,7.62,7.62,7.62,7.599999999999999,7.599999999999999,1,7.599999999999999,13.27
february,12,thursday,20,week3,winter,weekday,afternoon,-4.839864751772715,-4.839864751772715,-4.839864751772715,45.647527,45.647527,45.647527,13.855605,13.855605,13.855605,56.39,56.39,56.39,291.33,291.33,291.33,366.6,366.6,366.6,25.63,25.63,25.63,986.46,986.46,986.46,14.67,14.67,14.67,8.38,8.38,8.38,8.9,8.9,1,8.9,13.95
february,11,saturday,22,week4,winter,weekend,morning,3.271685369411876,3.271685369411876,3.271685369411876,45.647763,45.647763,45.647763,13.854975,13.854975,13.854975,57.36,57.36,57.36,113.12,113.12,113.12,368.9,368.9,368.9,42.63,42.63,42.63,985.81,985.81,985.81,15.97,15.97,15.97,8.75,8.75,8.75,19.7,19.7,1,19.7,36.8
february,12,saturday,22,week4,winter,weekend,afternoon,4.145756670241658,4.145756670241658,4.145756670241658,45.647815,45.647815,45.647815,13.854532,13.854532,13.854532,65.25,65.25,65.25,112.85,112.85,112.85,356.1,356.1,356.1,43.22,43.22,43.22,985.36,985.36,985.36,16.72,16.72,16.72,8.94,8.94,8.94,34.0,34.0,1,34.0,31.55
february,14,saturday,22,week4,winter,weekend,afternoon,4.0336250895637376,4.0336250895637376,4.0336250895637376,45.647612,45.647612,45.647612,13.855257,13.855257,13.855257,64.19,64.19,64.19,113.98,113.98,113.98,354.8,354.8,354.8,44.95,44.95,44.95,984.74,984.74,984.74,15.98,15.98,15.98,8.13,8.13,8.13,37.2,37.2,1,37.2,44.15
february,15,saturday,22,week4,winter,weekend,afternoon,5.021354357106455,5.021354357106455,5.021354357106455,45.647695,45.647695,45.647695,13.854798,13.854798,13.854798,64.17,64.17,64.17,114.59,114.59,114.59,383.3,383.3,383.3,51.12,51.12,51.12,984.58,984.58,984.58,15.05,15.05,15.05,6.62,6.62,6.62,47.5,47.5,1,47.5,40.82
february,16,saturday,22,week4,winter,weekend,afternoon,5.69957149264883,5.69957149264883,5.69957149264883,45.647778,45.647778,45.647778,13.854635,13.854635,13.854635,64.38,64.38,64.38,113.58,113.58,113.58,350.5,350.5,350.5,54.7,54.7,54.7,984.71,984.71,984.71,14.73,14.73,14.73,6.81,6.81,6.81,41.9,41.9,1,41.9,42.36
february,17,saturday,22,week4,winter,weekend,afternoon,5.895309902060254,5.895309902060254,5.895309902060254,45.647387,45.647387,45.647387,13.855897,13.855897,13.855897,56.3,56.3,56.3,112.91,112.91,112.91,354.0,354.0,354.0,55.41,55.41,55.41,985.09,985.09,985.09,14.74,14.74,14.74,6.81,6.81,6.81,50.8,50.8,1,50.8,43.57
february,18,saturday,22,week4,winter,weekend,evening,6.134213646504434,6.134213646504434,6.134213646504434,45.64776,45.64776,45.64776,13.854643,13.854643,13.854643,63.82,63.82,63.82,113.43,113.43,113.43,350.5,350.5,350.5,55.79,55.79,55.79,985.32,985.32,985.32,14.89,14.89,14.89,7.06,7.06,7.06,41.4,41.4,1,41.4,40.78
february,8,monday,24,week4,winter,weekday,morning,4.313922853660193,4.313922853660193,4.313922853660193,45.647767,45.647767,45.647767,13.854782,13.854782,13.854782,49.84,49.84,49.84,292.51,292.51,292.51,368.9,368.9,368.9,50.51,50.51,50.51,984.96,984.96,984.96,14.47,14.47,14.47,9.69,9.69,9.69,23.8,23.8,1,23.8,29.52
february,6,wednesday,26,week4,winter,weekday,morning,9.28139151427909,9.28139151427909,9.28139151427909,45.647397,45.647397,45.647397,13.855783,13.855783,13.855783,58.69,58.69,58.69,113.78,113.78,113.78,359.6,359.6,359.6,65.42,65.42,65.42,972.66,972.66,972.66,15.75,15.75,15.75,9.44,9.44,9.44,4.2,4.2,1,4.2,7.45
february,10,wednesday,26,week4,winter,weekday,morning,11.01202486077291,11.01202486077291,11.01202486077291,45.64735,45.64735,45.64735,13.855987,13.855987,13.855987,64.13,64.13,64.13,113.46,113.46,113.46,359.9,359.9,359.9,58.23,58.23,58.23,972.38,972.38,972.38,19.43,19.43,19.43,12.13,12.13,12.13,2.3,2.3,1,2.3,8.41
february,13,wednesday,26,week4,winter,weekday,afternoon,9.776869162130968,9.776869162130968,9.776869162130968,45.647655,45.647655,45.647655,13.855072,13.855072,13.855072,61.89,61.89,61.89,112.79,112.79,112.79,361.4,361.4,361.4,60.9,60.9,60.9,971.8,971.8,971.8,17.4,17.4,17.4,10.13,10.13,10.13,0.4,0.4,1,0.4,4.47
february,17,wednesday,26,week4,winter,weekday,afternoon,8.102989524514815,8.102989524514815,8.102989524514815,45.647562,45.647562,45.647562,13.85532,13.85532,13.85532,48.97,48.97,48.97,111.57,111.57,111.57,359.9,359.9,359.9,63.47,63.47,63.47,972.38,972.38,972.38,14.98,14.98,14.98,8.31,8.31,8.31,0.1,0.1,1,0.1,1.83
february,6,thursday,27,week4,winter,weekday,morning,7.096056946360155,7.096056946360155,7.096056946360155,45.64766,45.64766,45.64766,13.85525,13.85525,13.85525,65.47,65.47,65.47,293.75,293.75,293.75,362.2,362.2,362.2,63.5,63.5,63.5,973.46,973.46,973.46,13.91,13.91,13.91,6.62,6.62,6.62,0.5,0.5,1,0.5,0.1
february,7,thursday,27,week4,winter,weekday,morning,4.41364197365475,4.41364197365475,4.41364197365475,45.64749,45.64749,45.64749,13.855535,13.855535,13.855535,64.82,64.82,64.82,113.28,113.28,113.28,358.2,358.2,358.2,54.06,54.06,54.06,974.79,974.79,974.79,13.53,13.53,13.53,7.25,7.25,7.25,0.2,0.2,1,0.2,0.08
february,9,thursday,27,week4,winter,weekday,morning,4.1543196461765275,4.1543196461765275,4.1543196461765275,45.6475,45.6475,45.6475,13.855708,13.855708,13.855708,64.65,64.65,64.65,113.32,113.32,113.32,359.9,359.9,359.9,50.11,50.11,50.11,975.01,975.01,975.01,14.42,14.42,14.42,8.56,8.56,8.56,0.9,0.9,1,0.9,1.56
february,10,thursday,27,week4,winter,weekday,morning,4.698200835373003,4.698200835373003,4.698200835373003,45.647757,45.647757,45.647757,13.854848,13.854848,13.854848,65.52,65.52,65.52,293.76,293.76,293.76,367.8,367.8,367.8,46.88,46.88,46.88,974.35,974.35,974.35,16.05,16.05,16.05,9.38,9.38,9.38,1.4,1.4,1,1.4,1.25
february,13,thursday,27,week4,winter,weekday,afternoon,4.963012913408097,4.963012913408097,4.963012913408097,45.647398,45.647398,45.647398,13.855872,13.855872,13.855872,54.75,54.75,54.75,112.66,112.66,112.66,368.6,368.6,368.6,41.34,41.34,41.34,973.88,973.88,973.88,18.33,18.33,18.33,11.63,11.63,11.63,0.8,0.8,1,0.8,0.9
february,14,thursday,27,week4,winter,weekday,afternoon,4.9869739450528145,4.9869739450528145,4.9869739450528145,45.647862,45.647862,45.647862,13.854592,13.854592,13.854592,57.04,57.04,57.04,293.18,293.18,293.18,369.5,369.5,369.5,38.95,38.95,38.95,973.85,973.85,973.85,19.31,19.31,19.31,10.81,10.81,10.81,0.5,0.5,1,0.5,0.77
february,15,thursday,27,week4,winter,weekday,afternoon,4.0197440902232415,4.0197440902232415,4.0197440902232415,45.647703,45.647703,45.647703,13.854867,13.854867,13.854867,59.75,59.75,59.75,113.98,113.98,113.98,362.6,362.6,362.6,41.53,41.53,41.53,974.4,974.4,974.4,17.21,17.21,17.21,9.44,9.44,9.44,0.8,0.8,1,0.8,0.67
february,16,thursday,27,week4,winter,weekday,afternoon,4.090878710089898,4.090878710089898,4.090878710089898,45.647625,45.647625,45.647625,13.855267,13.855267,13.855267,57.39,57.39,57.39,294.01,294.01,294.01,351.9,351.9,351.9,41.87,41.87,41.87,974.04,974.04,974.04,17.16,17.16,17.16,8.31,8.31,8.31,2.2,2.2,1,2.2,0.54
february,17,thursday,27,week4,winter,weekday,afternoon,2.9640829513809415,2.9640829513809415,2.9640829513809415,45.647345,45.647345,45.647345,13.85601,13.85601,13.85601,52.62,52.62,52.62,113.96,113.96,113.96,352.3,352.3,352.3,46.080000000000005,46.080000000000005,46.080000000000005,975.2199999999999,975.2199999999999,975.2199999999999,14.42,14.42,14.42,6.75,6.75,6.75,1.2,1.2,1,1.2,0.43
february,22,thursday,27,week4,winter,weekday,evening,3.098366881041258,3.098366881041258,3.098366881041258,45.647347,45.647347,45.647347,13.856157,13.856157,13.856157,58.97,58.97,58.97,294.57,294.57,294.57,363.8,363.8,363.8,46.58,46.58,46.58,976.54,976.54,976.54,14.4,14.4,14.4,6.06,6.06,6.06,1.6,1.6,1,1.6,0.14
march,7,tuesday,11,week2,spring,weekday,morning,9.922755759112922,9.922755759112922,9.922755759112922,45.647538,45.647538,45.647538,13.855313,13.855313,13.855313,64.15,64.15,64.15,113.73,113.73,113.73,364.7,364.7,364.7,65.69,65.69,65.69,964.4,964.4,964.4,16.36,16.36,16.36,10.25,10.25,10.25,0.7,0.7,1,0.7,17.44
march,10,tuesday,11,week2,spring,weekday,morning,13.026283232878235,13.026283232878235,13.026283232878235,45.647355,45.647355,45.647355,13.856142,13.856142,13.856142,57.89,57.89,57.89,293.51,293.51,293.51,368.0,368.0,368.0,65.14,65.14,65.14,964.46,964.46,964.46,19.76,19.76,19.76,12.81,12.81,12.81,0.5,0.5,1,0.5,18.74
march,12,tuesday,11,week2,spring,weekday,afternoon,15.758221601080875,15.758221601080875,15.758221601080875,45.647712,45.647712,45.647712,13.854963,13.854963,13.854963,65.56,65.56,65.56,293.63,293.63,293.63,360.5,360.5,360.5,66.13,66.13,66.13,964.16,964.16,964.16,22.39,22.39,22.39,15.13,15.13,15.13,5.0,5.0,1,5.0,11.88
march,15,tuesday,11,week2,spring,weekday,afternoon,9.862218073050817,9.862218073050817,9.862218073050817,45.647307,45.647307,45.647307,13.856155,13.856155,13.856155,56.39,56.39,56.39,112.6,112.6,112.6,360.7,360.7,360.7,55.19,55.19,55.19,964.56,964.56,964.56,19.06,19.06,19.06,11.94,11.94,11.94,7.0,7.0,1,7.0,8.76
march,19,tuesday,11,week2,spring,weekday,evening,8.406601343537506,8.406601343537506,8.406601343537506,45.64735,45.64735,45.64735,13.856015,13.856015,13.856015,54.73,54.73,54.73,113.61,113.61,113.61,360.1,360.1,360.1,58.23,58.23,58.23,965.46,965.46,965.46,16.65,16.65,16.65,8.56,8.56,8.56,9.3,9.3,1,9.3,7.66
march,8,friday,14,week2,spring,weekday,morning,10.970902114133924,10.970902114133924,10.970902114133924,45.647383,45.647383,45.647383,13.856153,13.856153,13.856153,55.21,55.21,55.21,293.72,293.72,293.72,383.4,383.4,383.4,66.83,66.83,66.83,955.19,955.19,955.19,17.19,17.19,17.19,11.94,11.94,11.94,7.4,7.4,1,7.4,2.64
march,12,monday,24,week4,spring,weekday,afternoon,10.197294351660377,10.197294351660377,10.197294351660377,45.647922,45.647922,45.647922,13.854243,13.854243,13.854243,61.86,61.86,61.86,113.56,113.56,113.56,388.5,388.5,388.5,43.59,43.59,43.59,970.49,970.49,970.49,23.27,23.27,23.27,17.56,17.56,17.56,4.6,4.6,1,4.6,2.4
april,7,tuesday,1,week1,spring,weekday,morning,1.3782627610549234,1.3782627610549234,1.3782627610549234,45.64783,45.64783,45.64783,13.85452,13.85452,13.85452,61.15,61.15,61.15,293.68,293.68,293.68,372.8,372.8,372.8,32.23,32.23,32.23,970.16,970.16,970.16,18.26,18.26,18.26,11.44,11.44,11.44,8.1,8.1,1,8.1,1.0
april,7,thursday,3,week1,spring,weekday,morning,5.242313892641827,5.242313892641827,5.242313892641827,45.64783,45.64783,45.64783,13.854515,13.854515,13.854515,50.15,50.15,50.15,113.0,113.0,113.0,362.2,362.2,362.2,40.17,40.17,40.17,980.41,980.41,980.41,19.1,19.1,19.1,12.69,12.69,12.69,8.1,8.1,1,8.1,10.78
april,8,thursday,3,week1,spring,weekday,morning,5.565885068646791,5.618107824826789,5.513662312466792,45.6476925,45.647808,45.647577,13.855145,13.855692,13.854598,45.04,49.71,40.37,112.4,112.46,112.34,355.35,355.6,355.1,35.75,37.99,33.51,980.56,980.69,980.43,21.385,22.35,20.42,15.905000000000001,17.37,14.44,8.0,4.4,2,6.2,18.72
april,9,thursday,3,week1,spring,weekday,morning,5.841359848279646,5.841359848279646,5.841359848279646,45.647373,45.647373,45.647373,13.855922,13.855922,13.855922,44.49,44.49,44.49,115.76,115.76,115.76,364.2,364.2,364.2,31.1,31.1,31.1,979.92,979.92,979.92,23.96,23.96,23.96,19.62,19.62,19.62,5.5,5.5,1,5.5,22.27
april,10,thursday,3,week1,spring,weekday,morning,6.131311033516686,6.131311033516686,6.131311033516686,45.647727,45.647727,45.647727,13.855,13.855,13.855,31.72,31.72,31.72,113.11,113.11,113.11,364.7,364.7,364.7,29.13,29.13,29.13,979.68,979.68,979.68,25.39,25.39,25.39,19.69,19.69,19.69,4.9,4.9,1,4.9,16.46
april,11,thursday,3,week1,spring,weekday,morning,6.559122714037575,6.559122714037575,6.559122714037575,45.647815,45.647815,45.647815,13.854602,13.854602,13.854602,9.61,9.61,9.61,115.0,115.0,115.0,356.6,356.6,356.6,28.46,28.46,28.46,979.3,979.3,979.3,26.28,26.28,26.28,18.94,18.94,18.94,5.4,5.4,1,5.4,16.03
april,12,thursday,3,week1,spring,weekday,afternoon,6.694040225220611,6.694040225220611,6.694040225220611,45.647328,45.647328,45.647328,13.856105,13.856105,13.856105,40.89,40.89,40.89,114.28,114.28,114.28,352.3,352.3,352.3,29.17,29.17,29.17,978.95,978.95,978.95,26.02,26.02,26.02,18.25,18.25,18.25,5.6,5.6,1,5.6,11.22
april,13,thursday,3,week1,spring,weekday,afternoon,7.261424353065572,7.261424353065572,7.261424353065572,45.647783,45.647783,45.647783,13.854732,13.854732,13.854732,45.41,45.41,45.41,113.3,113.3,113.3,349.2,349.2,349.2,29.97,29.97,29.97,978.7,978.7,978.7,26.22,26.22,26.22,18.37,18.37,18.37,4.9,4.9,1,4.9,11.52
april,14,thursday,3,week1,spring,weekday,afternoon,7.176116482071331,7.176116482071331,7.176116482071331,45.647712,45.647712,45.647712,13.85488,13.85488,13.85488,50.58,50.58,50.58,114.4,114.4,114.4,350.4,350.4,350.4,29.99,29.99,29.99,978.36,978.36,978.36,26.11,26.11,26.11,17.37,17.37,17.37,5.5,5.5,1,5.5,8.06
april,15,thursday,3,week1,spring,weekday,afternoon,7.283756066856848,7.283756066856848,7.283756066856848,45.647762,45.647762,45.647762,13.854727,13.854727,13.854727,65.17,65.17,65.17,112.43,112.43,112.43,349.1,349.1,349.1,34.26,34.26,34.26,978.7,978.7,978.7,24.0,24.0,24.0,15.0,15.0,15.0,5.9,5.9,1,5.9,6.45
april,17,thursday,3,week1,spring,weekday,afternoon,4.60094623860949,4.60094623860949,4.60094623860949,45.647595,45.647595,45.647595,13.855157,13.855157,13.855157,64.84,64.84,64.84,114.24,114.24,114.24,362.7,362.7,362.7,37.47,37.47,37.47,979.32,979.32,979.32,19.5,19.5,19.5,11.31,11.31,11.31,5.9,5.9,1,5.9,4.18
april,7,saturday,5,week1,spring,weekend,morning,11.05000613996643,11.05000613996643,11.05000613996643,45.64734,45.64734,45.64734,13.856205,13.856205,13.856205,56.34,56.34,56.34,294.38,294.38,294.38,359.5,359.5,359.5,62.41,62.41,62.41,971.05,971.05,971.05,18.36,18.36,18.36,14.94,14.94,14.94,38.7,38.7,1,38.7,24.36
april,9,saturday,5,week1,spring,weekend,morning,9.842164897484999,9.842164897484999,9.842164897484999,45.647498,45.647498,45.647498,13.855693,13.855693,13.855693,52.06,52.06,52.06,293.35,293.35,293.35,355.4,355.4,355.4,41.98,41.98,41.98,970.97,970.97,970.97,23.5,23.5,23.5,18.5,18.5,18.5,12.7,12.7,1,12.7,27.09
april,10,saturday,5,week1,spring,weekend,morning,8.491688426551075,8.491688426551075,8.491688426551075,45.647532,45.647532,45.647532,13.855413,13.855413,13.855413,49.32,49.32,49.32,113.93,113.93,113.93,361.5,361.5,361.5,34.25,34.25,34.25,970.98,970.98,970.98,25.38,25.38,25.38,19.62,19.62,19.62,15.3,15.3,1,15.3,18.97
april,11,saturday,5,week1,spring,weekend,morning,7.8021871217189265,7.8021871217189265,7.8021871217189265,45.647445,45.647445,45.647445,13.855832,13.855832,13.855832,65.28,65.28,65.28,294.24,294.24,294.24,351.3,351.3,351.3,32.49,32.49,32.49,969.58,969.58,969.58,25.48,25.48,25.48,19.44,19.44,19.44,16.2,16.2,1,16.2,18.67
april,12,saturday,5,week1,spring,weekend,afternoon,6.913002161787153,6.913002161787153,6.913002161787153,45.647838,45.647838,45.647838,13.854443,13.854443,13.854443,64.67,64.67,64.67,113.32,113.32,113.32,349.0,349.0,349.0,28.92,28.92,28.92,969.22,969.22,969.22,26.42,26.42,26.42,19.06,19.06,19.06,12.9,12.9,1,12.9,18.44
april,13,saturday,5,week1,spring,weekend,afternoon,7.0522014431756865,7.0522014431756865,7.0522014431756865,45.647482,45.647482,45.647482,13.855847,13.855847,13.855847,65.19,65.19,65.19,294.18,294.18,294.18,357.5,357.5,357.5,29.37,29.37,29.37,968.07,968.07,968.07,26.32,26.32,26.32,19.5,19.5,19.5,9.3,9.3,1,9.3,20.62
april,14,saturday,5,week1,spring,weekend,afternoon,7.292718935896796,7.292718935896796,7.292718935896796,45.64726,45.64726,45.64726,13.85626,13.85626,13.85626,65.13,65.13,65.13,113.38,113.38,113.38,350.8,350.8,350.8,30.79,30.79,30.79,967.75,967.75,967.75,25.8,25.8,25.8,18.5,18.5,18.5,14.5,14.5,1,14.5,19.88
april,16,saturday,5,week1,spring,weekend,afternoon,6.391385025513709,6.391385025513709,6.391385025513709,45.647777,45.647777,45.647777,13.854675,13.854675,13.854675,44.76,44.76,44.76,113.34,113.34,113.34,349.5,349.5,349.5,33.25,33.25,33.25,967.21,967.21,967.21,23.48,23.48,23.48,15.81,15.81,15.81,10.0,10.0,1,10.0,13.93
april,17,saturday,5,week1,spring,weekend,afternoon,6.5261310367576035,6.5261310367576035,6.5261310367576035,45.647937,45.647937,45.647937,13.854362,13.854362,13.854362,65.15,65.15,65.15,293.61,293.61,293.61,362.7,362.7,362.7,34.07,34.07,34.07,966.26,966.26,966.26,23.23,23.23,23.23,15.19,15.19,15.19,12.1,12.1,1,12.1,12.49
april,18,saturday,5,week1,spring,weekend,evening,6.346833064975959,6.3978415459356714,6.2958245840162474,45.647553,45.647598,45.647508,13.8553465,13.855613,13.85508,55.03,58.41,51.65,203.275,294.29,112.26,361.7,369.0,354.4,39.485,40.39,38.58,966.94,967.08,966.8,20.615000000000002,20.93,20.3,11.344999999999999,12.0,10.69,14.8,5.2,2,10.0,8.74
april,6,friday,18,week3,spring,weekday,morning,10.20898838677418,10.20898838677418,10.20898838677418,45.647782,45.647782,45.647782,13.854782,13.854782,13.854782,61.36,61.36,61.36,111.6,111.6,111.6,359.3,359.3,359.3,61.55,61.55,61.55,970.7,970.7,970.7,17.69,17.69,17.69,10.75,10.75,10.75,9.6,9.6,1,9.6,10.97
april,7,friday,18,week3,spring,weekday,morning,11.039773428355396,11.039773428355396,11.039773428355396,45.64741,45.64741,45.64741,13.856012,13.856012,13.856012,59.75,59.75,59.75,293.64,293.64,293.64,369.5,369.5,369.5,62.76,62.76,62.76,970.41,970.41,970.41,18.26,18.26,18.26,11.31,11.31,11.31,11.2,11.2,1,11.2,7.68
april,8,friday,18,week3,spring,weekday,morning,11.100780500623843,11.100780500623843,11.100780500623843,45.647883,45.647883,45.647883,13.85421,13.85421,13.85421,59.52,59.52,59.52,114.1,114.1,114.1,357.8,357.8,357.8,61.34,61.34,61.34,971.5,971.5,971.5,18.69,18.69,18.69,12.06,12.06,12.06,12.9,12.9,1,12.9,7.19
april,11,friday,18,week3,spring,weekday,morning,11.668751566632093,11.668751566632093,11.668751566632093,45.647553,45.647553,45.647553,13.855635,13.855635,13.855635,47.8,47.8,47.8,293.32,293.32,293.32,362.0,362.0,362.0,50.79,50.79,50.79,971.33,971.33,971.33,22.36,22.36,22.36,14.81,14.81,14.81,7.2,7.2,1,7.2,11.83
april,12,friday,18,week3,spring,weekday,afternoon,10.413850629803186,10.413850629803186,10.413850629803186,45.647782,45.647782,45.647782,13.854712,13.854712,13.854712,46.23,46.23,46.23,112.69,112.69,112.69,352.8,352.8,352.8,49.31,49.31,49.31,971.95,971.95,971.95,21.48,21.48,21.48,15.19,15.19,15.19,10.2,10.2,1,10.2,9.47
april,13,friday,18,week3,spring,weekday,afternoon,11.378415055543385,11.378415055543385,11.378415055543385,45.647525,45.647525,45.647525,13.85561,13.85561,13.85561,46.71,46.71,46.71,292.97,292.97,292.97,349.3,349.3,349.3,48.57,48.57,48.57,971.31,971.31,971.31,22.78,22.78,22.78,14.94,14.94,14.94,4.4,4.4,1,4.4,9.03
april,4,thursday,24,week4,spring,weekday,night,10.220710171183065,10.220710171183065,10.220710171183065,45.64781,45.64781,45.64781,13.854667,13.854667,13.854667,57.75,57.75,57.75,293.54,293.54,293.54,370.3,370.3,370.3,53.72,53.72,53.72,967.85,967.85,967.85,19.88,19.88,19.88,11.88,11.88,11.88,7.6,7.6,1,7.6,10.5
april,6,thursday,24,week4,spring,weekday,morning,12.267200703436792,12.267200703436792,12.267200703436792,45.647613,45.647613,45.647613,13.855253,13.855253,13.855253,62.43,62.43,62.43,293.66,293.66,293.66,371.6,371.6,371.6,54.4,54.4,54.4,968.37,968.37,968.37,21.88,21.88,21.88,15.81,15.81,15.81,7.0,7.0,1,7.0,20.2
april,7,thursday,24,week4,spring,weekday,morning,11.87894735807315,11.87894735807315,11.87894735807315,45.647492,45.647492,45.647492,13.855688,13.855688,13.855688,49.73,49.73,49.73,114.1,114.1,114.1,358.1,358.1,358.1,47.09,47.09,47.09,969.29,969.29,969.29,23.84,23.84,23.84,17.87,17.87,17.87,5.9,5.9,1,5.9,18.82
april,8,thursday,24,week4,spring,weekday,morning,12.392655767991346,12.392655767991346,12.392655767991346,45.647297,45.647297,45.647297,13.856282,13.856282,13.856282,54.95,54.95,54.95,293.71,293.71,293.71,370.6,370.6,370.6,45.44,45.44,45.44,968.62,968.62,968.62,25.0,25.0,25.0,18.87,18.87,18.87,5.0,5.0,1,5.0,15.06
april,9,thursday,24,week4,spring,weekday,morning,12.37134629591257,12.37134629591257,12.37134629591257,45.647802,45.647802,45.647802,13.854523,13.854523,13.854523,48.19,48.19,48.19,114.74,114.74,114.74,366.4,366.4,366.4,44.02,44.02,44.02,969.43,969.43,969.43,25.51,25.51,25.51,20.81,20.81,20.81,7.8,7.8,1,7.8,10.54
april,10,thursday,24,week4,spring,weekday,morning,12.24121329235435,12.24121329235435,12.24121329235435,45.64758,45.64758,45.64758,13.855442,13.855442,13.855442,62.73,62.73,62.73,293.48,293.48,293.48,355.7,355.7,355.7,39.11,39.11,39.11,968.69,968.69,968.69,27.37,27.37,27.37,20.37,20.37,20.37,4.4,4.4,1,4.4,15.58
april,11,thursday,24,week4,spring,weekday,morning,13.876155770878308,13.876155770878308,13.876155770878308,45.6479,45.6479,45.6479,13.854333,13.854333,13.854333,61.67,61.67,61.67,113.44,113.44,113.44,366.4,366.4,366.4,44.16,44.16,44.16,968.9,968.9,968.9,27.12,27.12,27.12,19.25,19.25,19.25,7.8,7.8,1,7.8,16.54
april,12,thursday,24,week4,spring,weekday,afternoon,13.001986244723042,13.001986244723042,13.001986244723042,45.647735,45.647735,45.647735,13.854957,13.854957,13.854957,65.41,65.41,65.41,294.11,294.11,294.11,365.8,365.8,365.8,46.73,46.73,46.73,967.94,967.94,967.94,25.2,25.2,25.2,16.87,16.87,16.87,4.8,4.8,1,4.8,13.77
april,13,thursday,24,week4,spring,weekday,afternoon,12.556704131337389,12.556704131337389,12.556704131337389,45.647368,45.647368,45.647368,13.855925,13.855925,13.855925,50.04,50.04,50.04,112.64,112.64,112.64,364.0,364.0,364.0,46.65,46.65,46.65,968.34,968.34,968.34,24.74,24.74,24.74,19.12,19.12,19.12,9.8,9.8,1,9.8,13.49
april,14,thursday,24,week4,spring,weekday,afternoon,13.376259688369503,13.376259688369503,13.376259688369503,45.647577,45.647577,45.647577,13.855537,13.855537,13.855537,61.13,61.13,61.13,293.77,293.77,293.77,361.0,361.0,361.0,46.76,46.76,46.76,967.81,967.81,967.81,25.6,25.6,25.6,18.0,18.0,18.0,7.0,7.0,1,7.0,13.41
april,15,thursday,24,week4,spring,weekday,afternoon,11.527859162423246,11.527859162423246,11.527859162423246,45.647573,45.647573,45.647573,13.855147,13.855147,13.855147,57.71,57.71,57.71,114.44,114.44,114.44,360.1,360.1,360.1,43.83,43.83,43.83,968.94,968.94,968.94,24.65,24.65,24.65,16.5,16.5,16.5,3.0,3.0,1,3.0,11.27
april,16,thursday,24,week4,spring,weekday,afternoon,11.297013797310628,11.297013797310628,11.297013797310628,45.647765,45.647765,45.647765,13.854867,13.854867,13.854867,54.17,54.17,54.17,293.59,293.59,293.59,361.6,361.6,361.6,43.79,43.79,43.79,968.63,968.63,968.63,24.41,24.41,24.41,15.75,15.75,15.75,3.9,3.9,1,3.9,7.89
april,17,thursday,24,week4,spring,weekday,afternoon,11.218679928340851,11.224774051798821,11.212585804882881,45.647639999999996,45.647932,45.647348,13.855109,13.85607,13.854148,49.53,51.13,47.93,113.52000000000001,113.59,113.45,367.6,368.8,366.4,50.655,50.66,50.65,969.44,969.49,969.39,21.915,21.92,21.91,14.44,14.44,14.44,7.1,6.2,2,6.65,6.31
april,19,thursday,24,week4,spring,weekday,evening,10.430548194620174,10.432026900166859,10.42906948907349,45.6475225,45.64775,45.647295,13.8553675,13.856278,13.854457,52.599999999999994,52.97,52.23,112.42,113.5,111.34,364.4,371.0,357.8,50.715,50.72,50.71,969.8399999999999,969.9,969.78,21.04,21.04,21.04,13.719999999999999,13.75,13.69,4.2,3.9,2,4.05,6.4
april,20,thursday,24,week4,spring,weekday,evening,10.565657590903369,10.565657590903369,10.565657590903369,45.647532,45.647532,45.647532,13.855605,13.855605,13.855605,50.21,50.21,50.21,294.33,294.33,294.33,377.4,377.4,377.4,49.72,49.72,49.72,969.11,969.11,969.11,21.51,21.51,21.51,14.25,14.25,14.25,4.6,4.6,1,4.6,9.49
april,21,thursday,24,week4,spring,weekday,evening,10.36031488819111,10.36031488819111,10.36031488819111,45.647508,45.647508,45.647508,13.855703,13.855703,13.855703,56.21,56.21,56.21,293.82,293.82,293.82,370.2,370.2,370.2,49.74,49.74,49.74,969.23,969.23,969.23,21.28,21.28,21.28,14.25,14.25,14.25,4.4,4.4,1,4.4,7.59
april,4,monday,28,week4,spring,weekday,night,6.573637052962597,6.573637052962597,6.573637052962597,45.647772,45.647772,45.647772,13.854845,13.854845,13.854845,64.99,64.99,64.99,294.84,294.84,294.84,368.6,368.6,368.6,40.68,40.68,40.68,981.05,981.05,981.05,20.38,20.38,20.38,13.06,13.06,13.06,5.4,5.4,1,5.4,7.48
april,6,monday,28,week4,spring,weekday,morning,8.213417190803455,8.213417190803455,8.213417190803455,45.647378,45.647378,45.647378,13.856142,13.856142,13.856142,58.15,58.15,58.15,292.89,292.89,292.89,375.9,375.9,375.9,39.84,39.84,39.84,981.85,981.85,981.85,22.55,22.55,22.55,16.5,16.5,16.5,6.2,6.2,1,6.2,8.77
april,7,monday,28,week4,spring,weekday,morning,8.707323864292277,8.707323864292277,8.707323864292277,45.647442,45.647442,45.647442,13.855635,13.855635,13.855635,56.1,56.1,56.1,115.68,115.68,115.68,364.2,364.2,364.2,39.2,39.2,39.2,982.83,982.83,982.83,23.37,23.37,23.37,18.12,18.12,18.12,5.8,5.8,1,5.8,16.27
april,8,monday,28,week4,spring,weekday,morning,9.530820314733798,9.530820314733798,9.530820314733798,45.647857,45.647857,45.647857,13.854475,13.854475,13.854475,64.6,64.6,64.6,293.66,293.66,293.66,371.5,371.5,371.5,34.46,34.46,34.46,982.09,982.09,982.09,26.46,26.46,26.46,19.81,19.81,19.81,7.4,7.4,1,7.4,11.39
april,9,monday,28,week4,spring,weekday,morning,10.34547997834588,10.34547997834588,10.34547997834588,45.647398,45.647398,45.647398,13.855837,13.855837,13.855837,58.8,58.8,58.8,114.23,114.23,114.23,362.9,362.9,362.9,33.21,33.21,33.21,982.78,982.78,982.78,28.02,28.02,28.02,22.19,22.19,22.19,4.6,4.6,1,4.6,12.21
april,10,monday,28,week4,spring,weekday,morning,10.155393551899937,10.155393551899937,10.155393551899937,45.647713,45.647713,45.647713,13.855072,13.855072,13.855072,57.43,57.43,57.43,294.36,294.36,294.36,368.4,368.4,368.4,28.94,28.94,28.94,981.46,981.46,981.46,30.18,30.18,30.18,22.69,22.69,22.69,6.3,6.3,1,6.3,18.15
april,12,monday,28,week4,spring,weekday,afternoon,10.902724046133843,10.902724046133843,10.902724046133843,45.647738,45.647738,45.647738,13.85495,13.85495,13.85495,55.69,55.69,55.69,294.5,294.5,294.5,354.6,354.6,354.6,27.56,27.56,27.56,980.76,980.76,980.76,31.91,31.91,31.91,23.87,23.87,23.87,6.5,6.5,1,6.5,9.94
april,13,monday,28,week4,spring,weekday,afternoon,10.4126061608035,10.4126061608035,10.4126061608035,45.647447,45.647447,45.647447,13.85569,13.85569,13.85569,55.19,55.19,55.19,113.66,113.66,113.66,357.0,357.0,357.0,28.14,28.14,28.14,981.22,981.22,981.22,30.97,30.97,30.97,23.69,23.69,23.69,7.2,7.2,1,7.2,15.06
april,14,monday,28,week4,spring,weekday,afternoon,9.840594244002837,9.840594244002837,9.840594244002837,45.647825,45.647825,45.647825,13.854682,13.854682,13.854682,58.45,58.45,58.45,293.69,293.69,293.69,376.7,376.7,376.7,30.72,30.72,30.72,981.02,981.02,981.02,28.78,28.78,28.78,18.56,18.56,18.56,7.2,7.2,1,7.2,10.54
april,15,monday,28,week4,spring,weekday,afternoon,9.175152628052084,9.175152628052084,9.175152628052084,45.647712,45.647712,45.647712,13.854783,13.854783,13.854783,56.52,56.52,56.52,111.58,111.58,111.58,377.7,377.7,377.7,34.45,34.45,34.45,981.7,981.7,981.7,26.06,26.06,26.06,18.12,18.12,18.12,9.3,9.3,1,9.3,7.58
april,16,monday,28,week4,spring,weekday,afternoon,10.065606382483837,10.065606382483837,10.065606382483837,45.6477,45.6477,45.6477,13.85505,13.85505,13.85505,57.15,57.15,57.15,293.55,293.55,293.55,362.4,362.4,362.4,36.81,36.81,36.81,981.14,981.14,981.14,25.95,25.95,25.95,17.62,17.62,17.62,6.5,6.5,1,6.5,6.06
april,17,monday,28,week4,spring,weekday,afternoon,10.179887145011543,10.179887145011543,10.179887145011543,45.647913,45.647913,45.647913,13.85422,13.85422,13.85422,53.54,53.54,53.54,114.06,114.06,114.06,358.3,358.3,358.3,40.46,40.46,40.46,981.65,981.65,981.65,24.49,24.49,24.49,15.81,15.81,15.81,6.2,6.2,1,6.2,4.85
april,18,monday,28,week4,spring,weekday,evening,9.943630563732235,9.943630563732235,9.943630563732235,45.6479,45.6479,45.6479,13.85431,13.85431,13.85431,62.56,62.56,62.56,292.89,292.89,292.89,356.3,356.3,356.3,40.67,40.67,40.67,981.53,981.53,981.53,24.14,24.14,24.14,14.44,14.44,14.44,7.0,7.0,1,7.0,3.88
may,4,monday,5,week1,spring,weekday,night,13.86928392443459,13.86928392443459,13.86928392443459,45.647318,45.647318,45.647318,13.856063,13.856063,13.856063,66.43,66.43,66.43,113.11,113.11,113.11,374.7,374.7,374.7,61.48,61.48,61.48,964.7,964.7,964.7,21.59,21.59,21.59,15.31,15.31,15.31,10.6,10.6,1,10.6,10.28
may,5,monday,5,week1,spring,weekday,night,14.050776794534992,14.050776794534992,14.050776794534992,45.647437,45.647437,45.647437,13.855918,13.855918,13.855918,65.84,65.84,65.84,294.2,294.2,294.2,368.2,368.2,368.2,58.0,58.0,58.0,964.21,964.21,964.21,22.74,22.74,22.74,15.94,15.94,15.94,5.9,5.9,1,5.9,18.28
may,6,monday,5,week1,spring,weekday,morning,13.244077691463701,13.244077691463701,13.244077691463701,45.647337,45.647337,45.647337,13.8561,13.8561,13.8561,56.15,56.15,56.15,115.07,115.07,115.07,356.0,356.0,356.0,55.98,55.98,55.98,964.28,964.28,964.28,22.46,22.46,22.46,15.75,15.75,15.75,5.4,5.4,1,5.4,12.8
may,8,monday,5,week1,spring,weekday,morning,12.706549697773955,12.706549697773955,12.706549697773955,45.647798,45.647798,45.647798,13.854565,13.854565,13.854565,46.91,46.91,46.91,114.12,114.12,114.12,367.2,367.2,367.2,53.46,53.46,53.46,964.42,964.42,964.42,22.64,22.64,22.64,16.37,16.37,16.37,4.1,4.1,1,4.1,11.55
may,9,monday,5,week1,spring,weekday,morning,14.187069959681294,14.187069959681294,14.187069959681294,45.647327,45.647327,45.647327,13.85628,13.85628,13.85628,57.95,57.95,57.95,294.26,294.26,294.26,358.1,358.1,358.1,51.6,51.6,51.6,963.78,963.78,963.78,24.83,24.83,24.83,19.12,19.12,19.12,6.9,6.9,1,6.9,11.92
may,10,monday,5,week1,spring,weekday,morning,14.259408030143135,14.259408030143135,14.259408030143135,45.647363,45.647363,45.647363,13.85617,13.85617,13.85617,56.67,56.67,56.67,112.41,112.41,112.41,366.8,366.8,366.8,52.34,52.34,52.34,964.66,964.66,964.66,24.67,24.67,24.67,17.62,17.62,17.62,7.2,7.2,1,7.2,17.5
may,11,monday,5,week1,spring,weekday,morning,14.534521884579569,14.534521884579569,14.534521884579569,45.64768,45.64768,45.64768,13.85515,13.85515,13.85515,51.32,51.32,51.32,295.46,295.46,295.46,359.0,359.0,359.0,49.49,49.49,49.49,964.01,964.01,964.01,25.91,25.91,25.91,18.0,18.0,18.0,8.6,8.6,1,8.6,13.83
may,13,monday,5,week1,spring,weekday,afternoon,15.161834650313809,15.161834650313809,15.161834650313809,45.647552,45.647552,45.647552,13.855565,13.855565,13.855565,54.75,54.75,54.75,295.2,295.2,295.2,361.7,361.7,361.7,49.24,49.24,49.24,963.55,963.55,963.55,26.68,26.68,26.68,18.25,18.25,18.25,9.0,9.0,1,9.0,11.19
may,14,monday,5,week1,spring,weekday,afternoon,14.418636096394087,14.418636096394087,14.418636096394087,45.647495,45.647495,45.647495,13.855645,13.855645,13.855645,60.8,60.8,60.8,113.68,113.68,113.68,357.3,357.3,357.3,50.63,50.63,50.63,963.89,963.89,963.89,25.4,25.4,25.4,18.37,18.37,18.37,5.6,5.6,1,5.6,13.92
may,15,monday,5,week1,spring,weekday,afternoon,15.058295025566265,15.058295025566265,15.058295025566265,45.64745,45.64745,45.64745,13.855797,13.855797,13.855797,53.63,53.63,53.63,294.08,294.08,294.08,363.6,363.6,363.6,52.73,52.73,52.73,963.99,963.99,963.99,25.41,25.41,25.41,16.25,16.25,16.25,6.6,6.6,1,6.6,9.75
may,16,monday,5,week1,spring,weekday,afternoon,13.883213909764708,13.883213909764708,13.883213909764708,45.647683,45.647683,45.647683,13.85493,13.85493,13.85493,49.15,49.15,49.15,113.44,113.44,113.44,355.4,355.4,355.4,56.34,56.34,56.34,964.84,964.84,964.84,23.04,23.04,23.04,14.31,14.31,14.31,5.2,5.2,1,5.2,6.82
may,20,monday,5,week1,spring,weekday,evening,10.273607880133184,10.273607880133184,10.273607880133184,45.647513,45.647513,45.647513,13.855557,13.855557,13.855557,53.84,53.84,53.84,112.79,112.79,112.79,365.8,365.8,365.8,58.86,58.86,58.86,966.56,966.56,966.56,18.47,18.47,18.47,11.44,11.44,11.44,2.3,2.3,1,2.3,6.71
may,6,monday,19,week3,spring,weekday,morning,10.880712758569503,10.880712758569503,10.880712758569503,45.647315,45.647315,45.647315,13.85623,13.85623,13.85623,59.54,59.54,59.54,293.22,293.22,293.22,375.6,375.6,375.6,48.09,48.09,48.09,973.45,973.45,973.45,22.4,22.4,22.4,17.31,17.31,17.31,9.7,9.7,1,9.7,8.55
may,10,thursday,29,week4,spring,weekday,morning,13.962668200398424,13.962668200398424,13.962668200398424,45.64738,45.64738,45.64738,13.855803,13.855803,13.855803,55.6,55.6,55.6,113.35,113.35,113.35,360.5,360.5,360.5,36.57,36.57,36.57,976.44,976.44,976.44,30.47,30.47,30.47,22.37,22.37,22.37,2.4,2.4,1,2.4,8.19
may,12,thursday,29,week4,spring,weekday,afternoon,14.362649384566476,14.362649384566476,14.362649384566476,45.647365,45.647365,45.647365,13.856078,13.856078,13.856078,62.8,62.8,62.8,111.66,111.66,111.66,369.3,369.3,369.3,44.31,44.31,44.31,977.11,977.11,977.11,27.6,27.6,27.6,19.94,19.94,19.94,2.2,2.2,1,2.2,5.24
june,7,tuesday,3,week1,summer,weekday,morning,13.59075677264655,13.59075677264655,13.59075677264655,45.64792,45.64792,45.64792,13.854242,13.854242,13.854242,53.56,53.56,53.56,293.76,293.76,293.76,371.6,371.6,371.6,41.73,41.73,41.73,975.48,975.48,975.48,27.77,27.77,27.77,23.5,23.5,23.5,6.4,6.4,1,6.4,17.4
june,6,friday,6,week1,summer,weekday,morning,17.087648065992706,17.087648065992706,17.087648065992706,45.647517,45.647517,45.647517,13.855585,13.855585,13.855585,61.12,61.12,61.12,293.33,293.33,293.33,366.6,366.6,366.6,48.37,48.37,48.37,976.01,976.01,976.01,29.09,29.09,29.09,22.13,22.13,22.13,7.8,7.8,1,7.8,14.21
june,13,friday,6,week1,summer,weekday,afternoon,18.705225507262366,18.705225507262366,18.705225507262366,45.647345,45.647345,45.647345,13.85602,13.85602,13.85602,63.17,63.17,63.17,112.05,112.05,112.05,367.8,367.8,367.8,39.71,39.71,39.71,976.61,976.61,976.61,34.36,34.36,34.36,26.25,26.25,26.25,10.9,10.9,1,10.9,15.0
june,14,friday,6,week1,summer,weekday,afternoon,18.68669208557765,18.68669208557765,18.68669208557765,45.647307,45.647307,45.647307,13.856107,13.856107,13.856107,57.08,57.08,57.08,113.39,113.39,113.39,360.6,360.6,360.6,40.74,40.74,40.74,976.53,976.53,976.53,33.88,33.88,33.88,25.37,25.37,25.37,9.7,9.7,1,9.7,16.86
june,17,friday,6,week1,summer,weekday,afternoon,16.583098005935856,16.583098005935856,16.583098005935856,45.647785,45.647785,45.647785,13.854593,13.854593,13.854593,60.67,60.67,60.67,113.37,113.37,113.37,361.2,361.2,361.2,42.9,42.9,42.9,976.25,976.25,976.25,30.62,30.62,30.62,22.5,22.5,22.5,9.9,9.9,1,9.9,12.42
june,4,sunday,22,week4,summer,weekend,night,11.19615899464158,11.19615899464158,11.19615899464158,45.647395,45.647395,45.647395,13.856068,13.856068,13.856068,58.49,58.49,58.49,294.01,294.01,294.01,376.6,376.6,376.6,38.6,38.6,38.6,979.57,979.57,979.57,26.42,26.42,26.42,20.37,20.37,20.37,7.5,7.5,1,7.5,9.3
june,5,sunday,22,week4,summer,weekend,night,11.248439631418176,11.248439631418176,11.248439631418176,45.647512,45.647512,45.647512,13.855565,13.855565,13.855565,62.12,62.12,62.12,115.11,115.11,115.11,370.5,370.5,370.5,36.63,36.63,36.63,980.39,980.39,980.39,27.37,27.37,27.37,21.75,21.75,21.75,5.3,5.3,1,5.3,18.73
june,6,sunday,22,week4,summer,weekend,morning,11.609792936009177,11.609792936009177,11.609792936009177,45.647487,45.647487,45.647487,13.855832,13.855832,13.855832,65.02,65.02,65.02,294.54,294.54,294.54,371.8,371.8,371.8,32.43,32.43,32.43,979.81,979.81,979.81,29.88,29.88,29.88,24.63,24.63,24.63,5.8,5.8,1,5.8,14.82
june,8,sunday,22,week4,summer,weekend,morning,12.989710864698313,12.989710864698313,12.989710864698313,45.64738,45.64738,45.64738,13.855958,13.855958,13.855958,62.52,62.52,62.52,293.24,293.24,293.24,352.8,352.8,352.8,30.43,30.43,30.43,979.34,979.34,979.34,32.59,32.59,32.59,27.94,27.94,27.94,7.2,7.2,1,7.2,13.48
june,9,sunday,22,week4,summer,weekend,morning,13.12798847849538,13.12798847849538,13.12798847849538,45.647845,45.647845,45.647845,13.85439,13.85439,13.85439,61.73,61.73,61.73,113.25,113.25,113.25,357.9,357.9,357.9,27.73,27.73,27.73,979.86,979.86,979.86,34.41,34.41,34.41,29.06,29.06,29.06,8.8,8.8,1,8.8,9.5
june,11,sunday,22,week4,summer,weekend,morning,13.687630867655791,13.687630867655791,13.687630867655791,45.647493,45.647493,45.647493,13.855642,13.855642,13.855642,58.63,58.63,58.63,114.24,114.24,114.24,374.6,374.6,374.6,28.92,28.92,28.92,979.87,979.87,979.87,34.31,34.31,34.31,29.69,29.69,29.69,7.9,7.9,1,7.9,16.73
june,13,sunday,22,week4,summer,weekend,afternoon,16.05962889569989,16.05962889569989,16.05962889569989,45.647872,45.647872,45.647872,13.854425,13.854425,13.854425,58.23,58.23,58.23,113.07,113.07,113.07,357.9,357.9,357.9,33.08,33.08,33.08,979.25,979.25,979.25,34.64,34.64,34.64,27.69,27.69,27.69,10.6,10.6,1,10.6,20.86
june,15,sunday,22,week4,summer,weekend,afternoon,15.539318125747124,15.539318125747124,15.539318125747124,45.647792,45.647792,45.647792,13.854525,13.854525,13.854525,56.58,56.58,56.58,114.12,114.12,114.12,363.1,363.1,363.1,33.14,33.14,33.14,978.4,978.4,978.4,34.01,34.01,34.01,27.19,27.19,27.19,9.3,9.3,1,9.3,10.39
june,3,monday,23,week4,summer,weekday,night,13.24596510830128,13.24596510830128,13.24596510830128,45.647385,45.647385,45.647385,13.855867,13.855867,13.855867,54.39,54.39,54.39,112.57,112.57,112.57,364.0,364.0,364.0,46.53,46.53,46.53,977.42,977.42,977.42,25.54,25.54,25.54,14.69,14.69,14.69,5.4,5.4,1,5.4,10.83
june,4,monday,23,week4,summer,weekday,night,13.950221915280858,13.950221915280858,13.950221915280858,45.647938,45.647938,45.647938,13.854248,13.854248,13.854248,64.71,64.71,64.71,293.3,293.3,293.3,364.5,364.5,364.5,48.48,48.48,48.48,976.84,976.84,976.84,25.62,25.62,25.62,16.19,16.19,16.19,5.2,5.2,1,5.2,19.57
june,5,monday,23,week4,summer,weekday,night,15.037899145619262,15.037899145619262,15.037899145619262,45.647648,45.647648,45.647648,13.854988,13.854988,13.854988,66.52,66.52,66.52,113.99,113.99,113.99,372.3,372.3,372.3,50.85,50.85,50.85,977.35,977.35,977.35,26.0,26.0,26.0,21.0,21.0,21.0,7.5,7.5,1,7.5,16.92
june,6,monday,23,week4,summer,weekday,morning,15.961746849996326,15.961746849996326,15.961746849996326,45.647932,45.647932,45.647932,13.854283,13.854283,13.854283,64.8,64.8,64.8,295.47,295.47,295.47,369.1,369.1,369.1,42.07,42.07,42.07,976.89,976.89,976.89,30.27,30.27,30.27,25.62,25.62,25.62,6.7,6.7,1,6.7,26.35
june,7,monday,23,week4,summer,weekday,morning,15.815445391275738,15.815445391275738,15.815445391275738,45.647415,45.647415,45.647415,13.855938,13.855938,13.855938,64.69,64.69,64.69,113.07,113.07,113.07,379.9,379.9,379.9,38.37,38.37,38.37,977.07,977.07,977.07,31.72,31.72,31.72,26.31,26.31,26.31,8.1,8.1,1,8.1,18.44
june,8,monday,23,week4,summer,weekday,morning,16.49028682444116,16.49028682444116,16.49028682444116,45.647667,45.647667,45.647667,13.855083,13.855083,13.855083,59.67,59.67,59.67,294.15,294.15,294.15,360.6,360.6,360.6,34.94,34.94,34.94,976.85,976.85,976.85,34.15,34.15,34.15,28.56,28.56,28.56,6.5,6.5,1,6.5,27.0
june,9,monday,23,week4,summer,weekday,morning,16.62116945166821,16.62116945166821,16.62116945166821,45.64743,45.64743,45.64743,13.855822,13.855822,13.855822,64.65,64.65,64.65,113.64,113.64,113.64,358.3,358.3,358.3,32.42,32.42,32.42,976.99,976.99,976.99,35.65,35.65,35.65,29.37,29.37,29.37,7.8,7.8,1,7.8,25.84
june,17,monday,23,week4,summer,weekday,afternoon,16.358465754657146,16.358465754657146,16.358465754657146,45.647642,45.647642,45.647642,13.855125,13.855125,13.855125,64.04,64.04,64.04,113.5,113.5,113.5,383.0,383.0,383.0,47.9,47.9,47.9,974.31,974.31,974.31,28.46,28.46,28.46,24.69,24.69,24.69,7.4,7.4,1,7.4,5.37
june,18,monday,23,week4,summer,weekday,evening,17.318841051010335,17.318841051010335,17.318841051010335,45.647565,45.647565,45.647565,13.855527,13.855527,13.855527,65.23,65.23,65.23,293.46,293.46,293.46,364.3,364.3,364.3,42.05,42.05,42.05,973.24,973.24,973.24,31.79,31.79,31.79,24.37,24.37,24.37,9.0,9.0,1,9.0,4.29
june,4,saturday,28,week4,summer,weekend,night,15.43310941736155,15.43310941736155,15.43310941736155,45.647713,45.647713,45.647713,13.854908,13.854908,13.854908,64.88,64.88,64.88,293.67,293.67,293.67,368.7,368.7,368.7,53.44,53.44,53.44,980.14,980.14,980.14,25.59,25.59,25.59,23.81,23.81,23.81,6.1,6.1,1,6.1,11.9
june,16,saturday,28,week4,summer,weekend,afternoon,16.91701841686354,16.91701841686354,16.91701841686354,45.647743,45.647743,45.647743,13.854952,13.854952,13.854952,46.23,46.23,46.23,115.57,115.57,115.57,367.7,367.7,367.7,34.3,34.3,34.3,980.2,980.2,980.2,34.97,34.97,34.97,28.19,28.19,28.19,6.2,6.2,1,6.2,5.41
july,10,friday,4,week1,summer,weekday,morning,18.425841746184314,18.425841746184314,18.425841746184314,45.64747,45.64747,45.64747,13.85566,13.85566,13.85566,64.23,64.23,64.23,114.34,114.34,114.34,368.0,368.0,368.0,28.2,28.2,28.2,977.24,977.24,977.24,40.32,40.32,40.32,34.44,34.44,34.44,8.8,8.8,1,8.8,16.26
july,13,tuesday,8,week2,summer,weekday,afternoon,14.450701225790828,14.450701225790828,14.450701225790828,45.647597,45.647597,45.647597,13.855225,13.855225,13.855225,60.45,60.45,60.45,113.85,113.85,113.85,359.3,359.3,359.3,53.15,53.15,53.15,965.65,965.65,965.65,24.62,24.62,24.62,22.06,22.06,22.06,2.4,2.4,1,2.4,5.82
july,6,sunday,13,week2,summer,weekend,morning,17.79824133271414,17.79824133271414,17.79824133271414,45.647647,45.647647,45.647647,13.855,13.855,13.855,52.67,52.67,52.67,113.74,113.74,113.74,382.2,382.2,382.2,71.88,71.88,71.88,975.24,975.24,975.24,23.15,23.15,23.15,21.75,21.75,21.75,5.8,5.8,1,5.8,12.06
july,10,monday,28,week4,summer,weekday,morning,16.687178736005436,16.687178736005436,16.687178736005436,45.647283,45.647283,45.647283,13.85585,13.85585,13.85585,56.19,56.19,56.19,113.0,113.0,113.0,363.4,363.4,363.4,68.98,68.98,68.98,966.72,966.72,966.72,22.67,22.67,22.67,18.37,18.37,18.37,10.3,10.3,1,10.3,5.64
july,7,thursday,31,week4,summer,weekday,morning,18.57829053721139,18.57829053721139,18.57829053721139,45.647618,45.647618,45.647618,13.855352,13.855352,13.855352,63.69,63.69,63.69,295.15,295.15,295.15,362.8,362.8,362.8,66.08,66.08,66.08,975.3,975.3,975.3,25.37,25.37,25.37,22.62,22.62,22.62,5.6,5.6,1,5.6,9.73
august,7,tuesday,26,week4,summer,weekday,morning,16.952599767455432,16.952599767455432,16.952599767455432,45.647633,45.647633,45.647633,13.85511,13.85511,13.85511,64.15,64.15,64.15,113.09,113.09,113.09,370.5,370.5,370.5,59.05,59.05,59.05,976.05,976.05,976.05,25.54,25.54,25.54,21.44,21.44,21.44,7.1,7.1,1,7.1,8.0
september,7,thursday,4,week1,autumn,weekday,morning,18.29606355647267,18.29606355647267,18.29606355647267,45.64761,45.64761,45.64761,13.85531,13.85531,13.85531,65.28,65.28,65.28,293.98,293.98,293.98,364.1,364.1,364.1,61.26,61.26,61.26,974.92,974.92,974.92,26.35,26.35,26.35,21.44,21.44,21.44,2.4,2.4,1,2.4,11.54
september,5,friday,5,week1,autumn,weekday,night,13.977236109612708,13.977236109612708,13.977236109612708,45.647453,45.647453,45.647453,13.855653,13.855653,13.855653,52.87,52.87,52.87,114.16,114.16,114.16,364.9,364.9,364.9,76.72,76.72,76.72,975.11,975.11,975.11,18.13,18.13,18.13,15.63,15.63,15.63,8.2,8.2,1,8.2,17.32
september,6,monday,15,week3,autumn,weekday,morning,15.708654383939841,15.708654383939841,15.708654383939841,45.647438,45.647438,45.647438,13.855982,13.855982,13.855982,60.54,60.54,60.54,293.86,293.86,293.86,376.5,376.5,376.5,71.81,71.81,71.81,979.2,979.2,979.2,20.99,20.99,20.99,18.69,18.69,18.69,4.1,4.1,1,4.1,18.63
september,10,monday,15,week3,autumn,weekday,morning,19.763642534739052,19.763642534739052,19.763642534739052,45.647325,45.647325,45.647325,13.856278,13.856278,13.856278,60.71,60.71,60.71,293.17,293.17,293.17,370.2,370.2,370.2,51.55,51.55,51.55,979.13,979.13,979.13,30.9,30.9,30.9,24.06,24.06,24.06,14.5,14.5,1,14.5,8.81
october,6,thursday,2,week1,autumn,weekday,morning,3.1485453210335006,3.1485453210335006,3.1485453210335006,45.647817,45.647817,45.647817,13.854437,13.854437,13.854437,63.67,63.67,63.67,293.19,293.19,293.19,372.2,372.2,372.2,36.49,36.49,36.49,979.4,979.4,979.4,18.29,18.29,18.29,11.19,11.19,11.19,5.7,5.7,1,5.7,7.24
october,10,tuesday,28,week4,autumn,weekday,morning,9.531857402391804,9.531857402391804,9.531857402391804,45.647832,45.647832,45.647832,13.854365,13.854365,13.854365,64.95,64.95,64.95,113.89,113.89,113.89,362.8,362.8,362.8,51.33,51.33,51.33,975.3,975.3,975.3,19.87,19.87,19.87,14.13,14.13,14.13,5.2,5.2,1,5.2,11.96
october,15,tuesday,28,week4,autumn,weekday,afternoon,11.850302053947235,11.850302053947235,11.850302053947235,45.647518,45.647518,45.647518,13.855592,13.855592,13.855592,57.1,57.1,57.1,114.03,114.03,114.03,362.6,362.6,362.6,55.55,55.55,55.55,974.95,974.95,974.95,21.09,21.09,21.09,13.25,13.25,13.25,7.0,7.0,1,7.0,5.04
november,13,wednesday,12,week2,autumn,weekday,afternoon,15.74283601253544,15.74283601253544,15.74283601253544,45.64748,45.64748,45.64748,13.855568,13.855568,13.855568,63.95,63.95,63.95,113.17,113.17,113.17,353.7,353.7,353.7,72.1,72.1,72.1,980.87,980.87,980.87,20.96,20.96,20.96,14.0,14.0,14.0,35.3,35.3,1,35.3,30.43
november,18,wednesday,12,week2,autumn,weekday,evening,9.250382587418786,9.250382587418786,9.250382587418786,45.647533,45.647533,45.647533,13.855375,13.855375,13.855375,59.82,59.82,59.82,113.23,113.23,113.23,363.1,363.1,363.1,73.69,73.69,73.69,982.55,982.55,982.55,13.87,13.87,13.87,10.19,10.19,10.19,10.1,10.1,1,10.1,31.03
december,8,monday,1,week1,winter,weekday,morning,4.521284565930725,4.521284565930725,4.521284565930725,45.647863,45.647863,45.647863,13.854263,13.854263,13.854263,54.26,54.26,54.26,291.91,291.91,291.91,382.0,382.0,382.0,43.37,43.37,43.37,975.85,975.85,975.85,17.08,17.08,17.08,9.69,9.69,9.69,7.3,7.3,1,7.3,10.7
